Crosshead ;Load ;Time 
mm;kN;sec
0.00096639;0.015637862;0.125
0.001678467;0.015792345;0.224999994
0.002492269;0.015988118;0.324999988
0.003712972;0.01698876;0.425000012
0.005340577;0.01847213;0.524999976
0.007019043;0.020414867;0.625
0.008748372;0.022037825;0.725000024
0.010375977;0.023786591;0.824999988
0.012003581;0.02539851;0.925000012
0.013682048;0.027023916;1.024999976
0.015258789;0.028739325;1.125
0.016937256;0.030218506;1.225000024
0.018564861;0.032012577;1.325000048
0.020243328;0.033419979;1.424999952
0.021921795;0.035131641;1.524999976
0.023549399;0.036584747;1.625
0.025278729;0.038407269;1.725000024
0.027008058;0.039973263;1.825000048
0.028686523;0.041652229;1.924999952
0.03036499;0.043234386;2.025000095
0.032043459;0.044900612;2.125
0.033671062;0.046283321;2.224999905
0.035298668;0.047885567;2.325000048
0.036926271;0.04941169;2.424999952
0.038503011;0.05084412;2.525000095
0.040130617;0.0522971;2.625
0.04175822;0.05389719;2.724999905
0.043385826;0.055398338;2.825000048
0.045013428;0.056911945;2.924999952
0.046691897;0.05850803;3.025000095
0.0483195;0.059975216;3.125
0.049997965;0.061497646;3.224999905
0.051676434;0.06306311;3.325000048
0.053354899;0.064629997;3.424999952
0.055033368;0.066120323;3.525000095
0.056711833;0.067789185;3.625
0.058390302;0.069235405;3.724999905
0.060017905;0.070777237;3.825000048
0.061594648;0.072215698;3.924999952
0.063222251;0.073830017;4.025000095
0.064849854;0.075219826;4.125
0.066477456;0.076792915;4.224999905
0.068155925;0.078210571;4.324999809
0.069834394;0.079892159;4.425000191
0.071512863;0.081324974;4.525000095
0.073191324;0.082896179;4.625
0.074869793;0.084403915;4.724999905
0.076599121;0.085994286;4.824999809
0.07827759;0.087439262;4.925000191
0.079956058;0.088984093;5.025000095
0.08163452;0.090580688;5.125
0.08326213;0.092019478;5.224999905
0.084889733;0.09342968;5.324999809
0.086517335;0.094944031;5.425000191
0.088144938;0.096409927;5.525000095
0.089772548;0.097832916;5.625
0.09140015;0.099346092;5.724999905
0.093078619;0.100858871;5.824999809
0.094757081;0.102441505;5.925000191
0.096435549;0.103916153;6.025000095
0.098164877;0.105439308;6.125
0.09979248;0.10698333;6.224999905
0.101521815;0.108558083;6.324999809
0.103149418;0.110090294;6.425000191
0.104827886;0.111627029;6.525000095
0.106455489;0.1130653;6.625
0.108083092;0.11444886;6.724999905
0.109659835;0.115946396;6.824999809
0.111287438;0.117385178;6.925000191
0.112915041;0.118678391;7.025000095
0.114542643;0.120248688;7.125
0.116221112;0.121681496;7.224999905
0.117899581;0.123275154;7.324999809
0.11957805;0.12494664;7.425000191
0.121307377;0.126156326;7.525000095
0.123036705;0.12776252;7.625
0.124664308;0.129185074;7.724999905
0.126342784;0.130742126;7.824999809
0.128021245;0.131967484;7.925000191
0.129597989;0.133713837;8.024999619
0.131225592;0.134963821;8.125
0.132853194;0.136546783;8.225000381
0.134480797;0.137831009;8.324999809
0.136159259;0.139426849;8.425000191
0.137837735;0.140849472;8.524999619
0.139516196;0.1424702;8.625
0.141194672;0.143871445;8.725000381
0.142923993;0.145419464;8.824999809
0.144653328;0.146914368;8.925000191
0.146331789;0.148377029;9.024999619
0.148010251;0.14993866;9.125
0.149688727;0.151325119;9.225000381
0.151367189;0.152869171;9.324999809
0.152994791;0.154235504;9.425000191
0.154571535;0.15571965;9.524999619
0.156199138;0.156987198;9.625
0.157775881;0.158428268;9.725000381
0.159403484;0.159668686;9.824999809
0.16108196;0.16129332;9.925000191
0.162760422;0.162574844;10.02499962
0.164489757;0.164198715;10.125
0.166168218;0.165562195;10.22500038
0.167897553;0.167235184;10.32499981
0.169626874;0.168719162;10.42500019
0.17130535;0.170297195;10.52499962
0.172983811;0.171605133;10.625
0.174662273;0.173145569;10.72500038
0.176289876;0.17452977;10.82499981
0.177917478;0.175905075;10.92500019
0.179545095;0.17733255;11.02499962
0.181121824;0.178755066;11.125
0.182800301;0.180135483;11.22500038
0.184478762;0.181719055;11.32499981
0.186208097;0.183050323;11.42500019
0.187886559;0.184528809;11.52499962
0.189615894;0.185997192;11.625
0.191345214;0.18757048;11.72500038
0.19302369;0.189029175;11.82499981
0.194702152;0.190444412;11.92500019
0.196380613;0.191787842;12.02499962
0.198008231;0.193333038;12.125
0.199635833;0.194592545;12.22500038
0.201263436;0.19597171;12.32499981
0.202891038;0.197474106;12.42500019
0.204518641;0.198799164;12.52499962
0.206197103;0.20016803;12.625
0.207875579;0.201645172;12.72500038
0.209503181;0.203004318;12.82499981
0.211181643;0.204368286;12.92500019
0.212910978;0.205969208;13.02499962
0.21458944;0.207308838;13.125
0.216318775;0.20885582;13.22500038
0.217997236;0.210268387;13.32499981
0.219675712;0.211689529;13.42500019
0.221303315;0.213044876;13.52499962
0.222930918;0.214483505;13.625
0.224609379;0.2158172;13.72500038
0.226236982;0.217200684;13.82499981
0.227915458;0.218529266;13.92500019
0.22954306;0.219940414;14.02499962
0.231221522;0.221382629;14.125
0.232899984;0.222813614;14.22500038
0.234629319;0.224134048;14.32499981
0.23630778;0.225690369;14.42500019
0.238037115;0.227061096;14.52499962
0.239664718;0.22848967;14.625
0.241343194;0.229751862;14.72500038
0.243021655;0.23120871;14.82499981
0.244700117;0.232607224;14.92500019
0.246276875;0.233947922;15.02499962
0.247904478;0.235308136;15.125
0.24953208;0.236581223;15.22500038
0.25110881;0.237972092;15.32499981
0.252736412;0.239320831;15.42500019
0.254414888;0.240741684;15.52499962
0.256093335;0.242171753;15.625
0.257822685;0.24359523;15.72500038
0.259501132;0.245054413;15.82499981
0.261230482;0.246398239;15.92500019
0.262908929;0.247847;16.02499962
0.264638278;0.249209732;16.125
0.266316725;0.250672455;16.22500038
0.267944357;0.251963989;16.32500076
0.26957196;0.253274261;16.42499924
0.271199562;0.254660202;16.52499962
0.272827165;0.256037445;16.625
0.274454767;0.25731604;16.72500038
0.27608237;0.258712372;16.82500076
0.277709973;0.260028412;16.92499924
0.279439293;0.261474182;17.02499962
0.281117769;0.26290979;17.125
0.282796245;0.26429483;17.22500038
0.284525566;0.265664673;17.32500076
0.286204042;0.267096222;17.42499924
0.287933362;0.268520325;17.52499962
0.289560965;0.269881195;17.625
0.291239441;0.271273132;17.72500038
0.292867044;0.272593994;17.82500076
0.294494646;0.273845154;17.92499924
0.296071375;0.2751427;18.02499962
0.297698978;0.276574677;18.125
0.299377454;0.277882233;18.22500038
0.30105593;0.279275543;18.32500076
0.302734377;0.280635651;18.42499924
0.304412853;0.281978912;18.52499962
0.30609133;0.283359558;18.625
0.307769777;0.284743622;18.72500038
0.309448253;0.286132355;18.82500076
0.311126729;0.287423462;18.92499924
0.312805176;0.288780884;19.02499962
0.314483652;0.290153564;19.125
0.316111255;0.291487854;19.22500038
0.317738857;0.29286496;19.32500076
0.31936646;0.29414093;19.42499924
0.320994062;0.295361389;19.52499962
0.322621665;0.296733582;19.625
0.324300141;0.298007507;19.72500038
0.325978617;0.29934317;19.82500076
0.327657064;0.300759552;19.92499924
0.329386414;0.302116241;20.02499962
0.331115734;0.303473541;20.125
0.332845055;0.304881012;20.22500038
0.334574404;0.306346344;20.32500076
0.336202007;0.307607147;20.42499924
0.337880454;0.308904633;20.52499962
0.339508057;0.310266785;20.625
0.341135659;0.311521576;20.72500038
0.342763262;0.312836761;20.82500076
0.344390864;0.314107697;20.92499924
0.346018496;0.315454254;21.02499962
0.347696943;0.316757294;21.125
0.349375419;0.318049805;21.22500038
0.35110474;0.319508545;21.32500076
0.352783216;0.320730743;21.42499924
0.354512536;0.322104797;21.52499962
0.356191013;0.323521698;21.625
0.357869489;0.324747681;21.72500038
0.359547936;0.326068573;21.82500076
0.361175538;0.327369354;21.92499924
0.362803141;0.328566772;22.02499962
0.364430744;0.329933594;22.125
0.366058346;0.331149567;22.22500038
0.367685978;0.332459045;22.32500076
0.36931358;0.333646973;22.42499924
0.371042901;0.334902222;22.52499962
0.372721377;0.336335327;22.625
0.374450698;0.337636536;22.72500038
0.376180018;0.338892548;22.82500076
0.377909339;0.340271759;22.92499924
0.379587815;0.341653961;23.02499962
0.381266291;0.34292157;23.125
0.382944767;0.344185272;23.22500038
0.38457237;0.345542969;23.32500076
0.386199972;0.346799652;23.42499924
0.387827575;0.348085327;23.52499962
0.389506022;0.3493125;23.625
0.391133624;0.350615051;23.72500038
0.392862974;0.352014282;23.82500076
0.394541421;0.353335205;23.92499924
0.396219897;0.354664307;24.02499962
0.397949218;0.355989319;24.125
0.399627694;0.357212494;24.22500038
0.401357014;0.358597839;24.32500076
0.40303549;0.359817108;24.42499924
0.404713966;0.361135437;24.52499962
0.406341569;0.362329498;24.625
0.407969172;0.363723755;24.72500038
0.409596774;0.3648526;24.82500076
0.411173503;0.366073486;24.92499924
0.412801106;0.367343079;25.02499962
0.414428709;0.368558777;25.125
0.416107185;0.369837982;25.22500038
0.417785661;0.371164276;25.32500076
0.419464137;0.372433807;25.42499924
0.421193457;0.373743378;25.52499962
0.422871904;0.375083008;25.625
0.424550381;0.376363281;25.72500038
0.426228857;0.377667328;25.82500076
0.427907333;0.378963043;25.92499924
0.429534935;0.380237122;26.02499962
0.431162538;0.381472992;26.125
0.432840985;0.382752686;26.22500038
0.434417743;0.384008606;26.32500076
0.436045346;0.385127686;26.42499924
0.437672948;0.386465546;26.52499962
0.439351425;0.387701874;26.625
0.440979027;0.388997772;26.72500038
0.442708348;0.390227478;26.82500076
0.444437668;0.391675171;26.92499924
0.446116144;0.392948853;27.02499962
0.44779462;0.394276154;27.125
0.449473067;0.39554715;27.22500038
0.45110067;0.396811127;27.32500076
0.452779146;0.398103027;27.42499924
0.454406749;0.399278778;27.52499962
0.455983478;0.400600433;27.625
0.457661954;0.401815155;27.72500038
0.459289557;0.403021729;27.82500076
0.460917159;0.404341522;27.92499924
0.462493917;0.405548798;28.02499962
0.464172364;0.406856262;28.125
0.465850841;0.408026123;28.22500038
0.467580161;0.409415466;28.32500076
0.469258637;0.410781189;28.42499924
0.470987958;0.41207135;28.52499962
0.472666434;0.413423767;28.625
0.474294036;0.414701019;28.72500038
0.475972513;0.415942566;28.82500076
0.47765096;0.417256439;28.92499924
0.479278591;0.418478394;29.02499962
0.480906194;0.419708344;29.125
0.482533796;0.420920776;29.22500038
0.484161399;0.422192627;29.32500076
0.485839846;0.423517761;29.42499924
0.487569196;0.424747101;29.52499962
0.489247672;0.426074005;29.625
0.490926148;0.427451843;29.72500038
0.492655439;0.428746124;29.82500076
0.494384789;0.430145538;29.92499924
0.496063265;0.431419281;30.02499962
0.497741741;0.432663025;30.125
0.499369344;0.433942474;30.22500038
0.500996946;0.435203674;30.32500076
0.502624549;0.43639389;30.42499924
0.504252152;0.43763382;30.52499962
0.505879754;0.438873932;30.625
0.507558172;0.440106812;30.72500038
0.509185833;0.441368591;30.82500076
0.510864251;0.442673187;30.92499924
0.5125936;0.443909637;31.02499962
0.51432295;0.445316925;31.125
0.516052241;0.446615784;31.22500038
0.517730718;0.447933838;31.32500076
0.519409194;0.449208984;31.42499924
0.52108767;0.450511963;31.52499962
0.522715272;0.451716492;31.625
0.524342875;0.452896606;31.72500038
0.525919604;0.454111542;31.82500076
0.527547207;0.455343872;31.92499924
0.529123936;0.456571777;32.02500153
0.530802412;0.457712494;32.125
0.532430015;0.45903772;32.22499847
0.534159364;0.460253296;32.32500076
0.53583784;0.461636688;32.42499924
0.537516316;0.462816071;32.52500153
0.539194734;0.464104767;32.625
0.54087321;0.465278564;32.72499847
0.542551687;0.466665833;32.82500076
0.544230163;0.467861206;32.92499924
0.545908639;0.46913623;33.02500153
0.547536241;0.470429443;33.125
0.549163844;0.47165686;33.22499847
0.55084232;0.472948669;33.32500076
0.552419049;0.474064209;33.42499924
0.554097525;0.475233032;33.52500153
0.555725128;0.476541382;33.625
0.557454419;0.477781982;33.72499847
0.559132895;0.479112579;33.82500076
0.560862245;0.480434204;33.92499924
0.562540721;0.481686951;34.02500153
0.564219197;0.482941772;34.125
0.565897615;0.484208801;34.22499847
0.567525218;0.485373932;34.32500076
0.569203694;0.486699585;34.42499924
0.570831296;0.48787619;34.52500153
0.572458899;0.489037842;34.625
0.574086502;0.490242432;34.72499847
0.575764978;0.491431366;34.82500076
0.57739258;0.492708313;34.92499924
0.579020183;0.49389801;35.02500153
0.580698659;0.495229584;35.125
0.582377135;0.496505219;35.22499847
0.584106485;0.497829559;35.32500076
0.585835776;0.499142914;35.42499924
0.587565126;0.500385712;35.52500153
0.589243602;0.501623871;35.625
0.590871205;0.502864929;35.72499847
0.592498807;0.504134827;35.82500076
0.59412641;0.505397308;35.92499924
0.595754012;0.506458893;36.02500153
0.597381615;0.507709045;36.125
0.599009218;0.508957794;36.22499847
0.60063682;0.510144775;36.32500076
0.602315296;0.511347321;36.42499924
0.603993773;0.512704651;36.52500153
0.605723064;0.513938843;36.625
0.607452414;0.515293152;36.72499847
0.60913089;0.516424805;36.82500076
0.610860181;0.517813538;36.92499924
0.612589531;0.519138672;37.02500153
0.614268007;0.520407227;37.125
0.615895609;0.521524048;37.22499847
0.617523212;0.522755859;37.32500076
0.619150815;0.523857056;37.42499924
0.620727544;0.525065002;37.52500153
0.622355146;0.526241516;37.625
0.623982749;0.527475037;37.72499847
0.625661225;0.528748657;37.82500076
0.627339701;0.529931519;37.92499924
0.629018177;0.531137085;38.02500153
0.630747469;0.532390259;38.125
0.632476818;0.533734619;38.22499847
0.634206168;0.535022644;38.32500076
0.635884644;0.536282166;38.42499924
0.637512247;0.537493896;38.52500153
0.639139849;0.538627686;38.625
0.640767452;0.539848145;38.72499847
0.642395054;0.541077393;38.82500076
0.644022657;0.542195374;38.92499924
0.64565026;0.543430298;39.02500153
0.647328736;0.544633545;39.125
0.649007154;0.545850403;39.22499847
0.650736503;0.547161621;39.32500076
0.652414979;0.548364319;39.42499924
0.654093456;0.549597656;39.52500153
0.655771932;0.550848938;39.625
0.657501223;0.552067139;39.72499847
0.659179699;0.553293579;39.82500076
0.660807302;0.55450061;39.92499924
0.662434904;0.55569928;40.02500153
0.664062507;0.556882019;40.125
0.665639236;0.557978821;40.22499847
0.667266839;0.559113403;40.32500076
0.668894441;0.560338379;40.42499924
0.670522044;0.561490112;40.52500153
0.672251394;0.562715454;40.625
0.67392987;0.564136169;40.72499847
0.675608346;0.565211853;40.82500076
0.677286822;0.566452393;40.92499924
0.67896524;0.56768335;41.02500153
0.680643716;0.568869568;41.125
0.682322192;0.570117676;41.22499847
0.684000668;0.57135144;41.32500076
0.685679144;0.572545288;41.42499924
0.687306747;0.573605469;41.52500153
0.688883476;0.574790466;41.625
0.690511079;0.575977173;41.72499847
0.692189555;0.577157166;41.82500076
0.693817157;0.578267822;41.92499924
0.695495633;0.579460754;42.02500153
0.69717411;0.580793335;42.125
0.698903401;0.582030884;42.22499847
0.700632751;0.583319824;42.32500076
0.7023621;0.584528442;42.42499924
0.704091392;0.5857724;42.52500153
0.705769868;0.58702771;42.625
0.707448344;0.588243774;42.72499847
0.709075946;0.589332825;42.82500076
0.710652675;0.590510742;42.92499924
0.712280278;0.591623596;43.02500153
0.713907881;0.592794128;43.125
0.71548461;0.593898926;43.22499847
0.717112271;0.594963379;43.32500076
0.718790689;0.596229309;43.42499924
0.720469165;0.597383362;43.52500153
0.722147641;0.598622742;43.625
0.723826117;0.599759521;43.72499847
0.725555466;0.601042542;43.82500076
0.727284758;0.602229919;43.92499924
0.728963234;0.603467407;44.02500153
0.73064171;0.604686829;44.125
0.732320186;0.605813965;44.22499847
0.733947789;0.607058716;44.32500076
0.735575391;0.608179993;44.42499924
0.737202994;0.60929718;44.52500153
0.738830597;0.610499756;44.625
0.740509073;0.61162854;44.72499847
0.742136675;0.612699463;44.82500076
0.743815152;0.613965088;44.92499924
0.745493569;0.615217163;45.02500153
0.747222919;0.616463989;45.125
0.748952269;0.617584595;45.22499847
0.750630745;0.618804993;45.32500076
0.752258347;0.619981079;45.42499924
0.753936765;0.621152527;45.52500153
0.755564368;0.622329102;45.625
0.75719197;0.62342041;45.72499847
0.758819573;0.624621765;45.82500076
0.760447176;0.625682434;45.92499924
0.762074837;0.626867676;46.02500153
0.763753254;0.628019348;46.125
0.765431731;0.629247437;46.22499847
0.76716108;0.630458191;46.32500076
0.76889043;0.631722229;46.42499924
0.770619721;0.632992554;46.52500153
0.772349071;0.634232056;46.625
0.774078362;0.635387695;46.72499847
0.775705965;0.636523621;46.82500076
0.777384441;0.637732361;46.92499924
0.779012043;0.638873474;47.02500153
0.780588831;0.640048096;47.125
0.782216433;0.641038696;47.22499847
0.783844036;0.642228333;47.32500076
0.785471639;0.643414917;47.42499924
0.787099241;0.644452148;47.52500153
0.788777717;0.645668091;47.625
0.790507009;0.646873962;47.72499847
0.792185485;0.648008911;47.82500076
0.793914835;0.649247009;47.92499924
0.795644126;0.650467468;48.02500153
0.797271729;0.651641907;48.125
0.798950205;0.652818665;48.22499847
0.800628681;0.653980286;48.32500076
0.802256283;0.655095215;48.42499924
0.803883886;0.65619751;48.52500153
0.805460615;0.657271118;48.625
0.807088218;0.658371826;48.72499847
0.80871582;0.659499695;48.82500076
0.810343423;0.660641235;48.92499924
0.812021899;0.661797424;49.02500153
0.813751249;0.66304425;49.125
0.815480598;0.664311462;49.22499847
0.81720989;0.665420776;49.32500076
0.818888366;0.666571777;49.42499924
0.820566842;0.667752075;49.52500153
0.822194444;0.66895343;49.625
0.823822047;0.670046509;49.72499847
0.825500523;0.671244263;49.82500076
0.827128126;0.672340332;49.92499924
0.828755728;0.673513794;50.02500153
0.830383331;0.674551208;50.125
0.832061807;0.67567926;50.22499847
0.83368941;0.676845764;50.32500076
0.835418701;0.678036438;50.42499924
0.837097177;0.679286255;50.52500153
0.838826527;0.680462646;50.625
0.840555876;0.681599976;50.72499847
0.842234294;0.682876343;50.82500076
0.843912771;0.683984314;50.92499924
0.845591247;0.685187378;51.02500153
0.847218849;0.686218567;51.125
0.848846452;0.687306641;51.22499847
0.850474054;0.688388977;51.32500076
0.852101657;0.689563171;51.42499924
0.85372926;0.690636719;51.52500153
0.855356862;0.691780212;51.625
0.857035338;0.693049866;51.72499847
0.858713815;0.694217163;51.82500076
0.860443164;0.695377319;51.92499924
0.862121582;0.696512634;52.02500153
0.863850932;0.697673096;52.125
0.865478534;0.698752991;52.22499847
0.86715701;0.699956665;52.32500076
0.868784613;0.701042908;52.42499924
0.870463089;0.702162292;52.52500153
0.872090692;0.703211487;52.625
0.873718294;0.704384705;52.72499847
0.875345897;0.705522766;52.82500076
0.8769735;0.706655579;52.92499924
0.878601102;0.70772229;53.02500153
0.880279578;0.708859314;53.125
0.881958054;0.71005365;53.22499847
0.883687346;0.711196655;53.32500076
0.885365822;0.712456604;53.42499924
0.887095171;0.713604431;53.52500153
0.888824463;0.714828613;53.625
0.890502939;0.716000488;53.72499847
0.892232289;0.717208435;53.82500076
0.893859891;0.718194824;53.92499924
0.895487494;0.719379517;54.02500153
0.897115096;0.720459473;54.125
0.898742699;0.72161145;54.22499847
0.900370302;0.722727051;54.32500076
0.902048778;0.723840515;54.42499924
0.903727254;0.725004822;54.52500153
0.90540573;0.726121765;54.625
0.907084148;0.727282898;54.72499847
0.908762624;0.728348145;54.82500076
0.9104411;0.729545715;54.92499924
0.912068703;0.730693054;55.02500153
0.913747179;0.731804626;55.125
0.915425655;0.732957642;55.22499847
0.917104131;0.734050903;55.32500076
0.91868086;0.735162659;55.42499924
0.920308463;0.736358459;55.52500153
0.921936065;0.737383179;55.625
0.923563668;0.738544983;55.72499847
0.925242144;0.739697632;55.82500076
0.92692062;0.740861023;55.92499924
0.928599038;0.741952332;56.02500153
0.930328388;0.743119385;56.125
0.932057737;0.744310181;56.22499847
0.933787029;0.745556519;56.32500076
0.935465505;0.746773376;56.42499924
0.937143981;0.747888;56.52500153
0.938771584;0.748989624;56.625
0.940399186;0.750082092;56.72499847
0.942026789;0.751167603;56.82500076
0.943603518;0.752251099;56.92499924
0.945231121;0.753324158;57.02500153
0.946858723;0.75435321;57.125
0.948486326;0.75553186;57.22499847
0.950164802;0.756664978;57.32500076
0.951843278;0.757735107;57.42499924
0.953521754;0.758983826;57.52500153
0.95520023;0.760162964;57.625
0.956929522;0.761337402;57.72499847
0.958709745;0.762534485;57.82500076
0.960388221;0.763588684;57.92499924
0.962066697;0.764823914;58.02500153
0.9636943;0.765864929;58.125
0.965321902;0.766956665;58.22499847
0.966949505;0.768112854;58.32500076
0.968577107;0.769120789;58.42499924
0.97020471;0.77030011;58.52500153
0.971883186;0.771343262;58.625
0.973510789;0.772484497;58.72499847
0.975189207;0.773636414;58.82500076
0.976867741;0.774815308;58.92499924
0.978596974;0.775940613;59.02500153
0.980326324;0.777083374;59.125
0.9820048;0.778276306;59.22499847
0.983683276;0.779513367;59.32500076
0.985361752;0.780536316;59.42499924
0.986989355;0.781654175;59.52500153
0.988616957;0.782746948;59.625
0.99024456;0.783811646;59.72499847
0.991872163;0.784916809;59.82500076
0.993499765;0.786008667;59.92499924
0.995178241;0.787103088;60.02500153
0.996856717;0.788223083;60.125
0.998586067;0.789325989;60.22499847
1.000264543;0.790471375;60.32500076
1.001943019;0.791633484;60.42499924
1.003672252;0.792864441;60.52500153
1.005299855;0.793931641;60.625
1.006978331;0.795021484;60.72499847
1.008656807;0.796129517;60.82500076
1.01028441;0.797216309;60.92499924
1.011912012;0.798324341;61.02500153
1.013539615;0.799423706;61.125
1.015167218;0.800493591;61.22499847
1.01679482;0.801574463;61.32500076
1.018422423;0.80265094;61.42499924
1.020100899;0.803706726;61.52500153
1.021779375;0.804830811;61.625
1.023457851;0.805921631;61.72499847
1.025187201;0.807135498;61.82500076
1.026865677;0.808344543;61.92499924
1.028595027;0.809460022;62.02500153
1.030273503;0.81054541;62.125
1.031951979;0.811722168;62.22499847
1.033579581;0.812737732;62.32500076
1.035207184;0.813846985;62.42499924
1.036834787;0.814898254;62.52500153
1.038462389;0.815973694;62.625
1.040089992;0.817062378;62.72499847
1.041768468;0.818128052;62.82500076
1.043446944;0.819246521;62.92499924
1.045125304;0.820440186;63.02500153
1.046854653;0.82150177;63.125
1.04853313;0.822646851;63.22499847
1.050211606;0.823819702;63.32500076
1.051890082;0.82494751;63.42499924
1.053568558;0.826135925;63.52500153
1.05519616;0.82718512;63.625
1.056874637;0.828286072;63.72499847
1.058451366;0.829271362;63.82500076
1.060078968;0.830269714;63.92499924
1.061706571;0.831345215;64.02500153
1.063334174;0.832461853;64.125
1.065063523;0.833578857;64.22499847
1.066741999;0.834704956;64.32499695
1.068420475;0.835867676;64.42500305
1.070149825;0.837018311;64.52500153
1.071929932;0.838255859;64.625
1.073659281;0.839349365;64.72499847
1.075337757;0.840496948;64.82499695
1.07696536;0.841638916;64.92500305
1.078592963;0.842594421;65.02500153
1.080220565;0.843697144;65.125
1.081848168;0.844821167;65.22499847
1.083424897;0.84575238;65.32499695
1.085001626;0.846779175;65.42500305
1.086629229;0.847827515;65.52500153
1.088256831;0.848868774;65.625
1.089935307;0.849992676;65.72499847
1.091613784;0.851183289;65.82499695
1.093343133;0.85229187;65.92500305
1.095072483;0.853473694;66.02500153
1.096750959;0.854693481;66.125
1.098429435;0.855842834;66.22499847
1.100107911;0.856881836;66.32499695
1.101735514;0.858022949;66.42500305
1.103363116;0.858998291;66.52500153
1.104939845;0.860055725;66.625
1.106567448;0.861057495;66.72499847
1.108195051;0.862144897;66.82499695
1.109873527;0.863216614;66.92500305
1.111552003;0.864328979;67.02500153
1.113281236;0.865464905;67.125
1.114959712;0.866648315;67.22499847
1.116689062;0.867787415;67.32499695
1.118418411;0.868943848;67.42500305
1.120096887;0.869944214;67.52500153
1.12172449;0.871044373;67.625
1.123402966;0.872160767;67.72499847
1.125081442;0.873228027;67.82499695
1.126709045;0.874272705;67.92500305
1.128285774;0.87539032;68.02500153
1.129913377;0.876379822;68.125
1.131490106;0.877411682;68.22499847
1.133168582;0.878513733;68.32499695
1.134847058;0.879562805;68.42500305
1.136525534;0.880723694;68.52500153
1.13820401;0.881754883;68.625
1.139933243;0.882912537;68.72499847
1.14161172;0.88404187;68.82499695
1.143341069;0.885134766;68.92500305
1.145070419;0.886243042;69.02500153
1.146748895;0.88734967;69.125
1.148427371;0.88843988;69.22499847
1.150054974;0.889466431;69.32499695
1.151682576;0.890586304;69.42500305
1.153310179;0.891642456;69.52500153
1.154937781;0.892619568;69.625
1.156565384;0.893636536;69.72499847
1.158192987;0.894699341;69.82499695
1.159871463;0.895845581;69.92500305
1.161600812;0.896911072;70.02500153
1.163330162;0.898016663;70.125
1.165008522;0.899168152;70.22499847
1.166686998;0.900257813;70.32499695
1.168365474;0.901394592;70.42500305
1.17004395;0.902373779;70.52500153
1.171671553;0.903485413;70.625
1.173299155;0.904492188;70.72499847
1.174926758;0.905515991;70.82499695
1.17655436;0.906470215;70.92500305
1.178181963;0.907569946;71.02500153
1.179809566;0.908611389;71.125
1.181488042;0.909689331;71.22499847
1.183217391;0.910780823;71.32499695
1.184946741;0.911789001;71.42500305
1.186726964;0.913086426;71.52500153
1.18840544;0.914177246;71.625
1.1900838;0.915208374;71.72499847
1.191762276;0.916328064;71.82499695
1.193440752;0.9174104;71.92500305
1.195068355;0.918460571;72.02500153
1.196695957;0.919384338;72.125
1.19832356;0.920413635;72.22499847
1.199951163;0.921501282;72.32499695
1.201578765;0.92247113;72.42500305
1.203257241;0.923513367;72.52500153
1.204935717;0.924565735;72.625
1.20656332;0.925706055;72.72499847
1.20829267;0.926756348;72.82499695
1.210022019;0.927919617;72.92500305
1.211751369;0.929063843;73.02500153
1.213480718;0.930091614;73.125
1.215159078;0.931224731;73.22499847
1.216786681;0.932263184;73.32499695
1.218414283;0.933165344;73.42500305
1.220041886;0.93423407;73.52500153
1.221669605;0.935270325;73.625
1.223297208;0.936230469;73.72499847
1.22492481;0.937231934;73.82499695
1.226552413;0.938302124;73.92500305
1.228230773;0.939289063;74.02500153
1.229909249;0.940394653;74.125
1.231587725;0.941383301;74.22499847
1.233317074;0.942498718;74.32499695
1.235046424;0.943600037;74.42500305
1.2367249;0.944646606;74.52500153
1.238403376;0.945657349;74.625
1.240030979;0.94670636;74.72499847
1.241658581;0.947725769;74.82499695
1.243286184;0.948751343;74.92500305
1.244862913;0.949682373;75.02500153
1.246490516;0.950743652;75.125
1.248168992;0.951770813;75.22499847
1.249847468;0.95284967;75.32499695
1.251525944;0.953911194;75.42500305
1.253255294;0.955003906;75.52500153
1.254984527;0.956130798;75.625
1.25676475;0.95722052;75.72499847
1.258443226;0.958374329;75.82499695
1.260121702;0.95937738;75.92500305
1.261800178;0.960439758;76.02500153
1.263478654;0.96140033;76.125
1.265055384;0.962404846;76.22499847
1.266682986;0.963385864;76.32499695
1.268310589;0.964379944;76.42500305
1.269887318;0.965293701;76.52500153
1.271514921;0.966414551;76.625
1.273193397;0.96741687;76.72499847
1.274820999;0.968500427;76.82499695
1.276499475;0.969544556;76.92500305
1.278228825;0.970682983;77.02500153
1.279907301;0.971646301;77.125
1.281636534;0.972761475;77.22499847
1.283365884;0.973840698;77.32499695
1.28504436;0.974953247;77.42500305
1.286621089;0.975875305;77.52500153
1.288248692;0.976844788;77.625
1.289876294;0.977829712;77.72499847
1.291453023;0.978864441;77.82499695
1.293080626;0.979789001;77.92500305
1.294708229;0.980805664;78.02500153
1.296335948;0.981776428;78.125
1.298065181;0.982849609;78.22499847
1.29979453;0.984008789;78.32499695
1.301473007;0.98498877;78.42500305
1.303202356;0.986149048;78.52500153
1.304880832;0.987160156;78.625
1.306559308;0.988145569;78.72499847
1.308288658;0.989186523;78.82499695
1.309916261;0.990269226;78.92500305
1.311543863;0.991252441;79.02500153
1.313171466;0.992200806;79.125
1.314748195;0.993170959;79.22499847
1.316375798;0.994145264;79.32499695
1.3180034;0.995099426;79.42500305
1.319681876;0.996117249;79.52500153
1.321309479;0.997169861;79.625
1.322987955;0.998269836;79.72499847
1.324717188;0.99927356;79.82499695
1.326395664;1.000361572;79.92500305
1.328175887;1.001447021;80.02500153
1.329905237;1.00255426;80.125
1.33153284;1.003531128;80.22499847
1.333211316;1.004471191;80.32499695
1.334838918;1.005543274;80.42500305
1.336466521;1.00643512;80.52500153
1.338094124;1.007420654;80.625
1.339721726;1.008379456;80.72499847
1.341349329;1.009443848;80.82499695
1.343027805;1.010411255;80.92500305
1.344706281;1.011432922;81.02500153
1.346384757;1.012477844;81.125
1.348063233;1.013496887;81.22499847
1.349792466;1.014507874;81.32499695
1.351470943;1.015624451;81.42500305
1.353149419;1.016622375;81.52500153
1.354827895;1.017553467;81.625
1.356455497;1.018620056;81.72499847
1.358133974;1.019640503;81.82499695
1.359710703;1.020607727;81.92500305
1.361338305;1.02158075;82.02500153
1.362915034;1.02242688;82.125
1.364542637;1.023444824;82.22499847
1.36617024;1.024414795;82.32499695
1.367899589;1.025496216;82.42500305
1.369578065;1.026488159;82.52500153
1.371358288;1.027574341;82.625
1.373036765;1.028657593;82.72499847
1.374766114;1.029713867;82.82499695
1.37644459;1.03070874;82.92500305
1.37812295;1.031674683;83.02500153
1.379801426;1.032700928;83.125
1.381429029;1.033615479;83.22499847
1.383056631;1.034602173;83.32499695
1.384684234;1.035662231;83.42500305
1.386311837;1.036624146;83.52500153
1.387939439;1.037556885;83.625
1.389617915;1.038554565;83.72499847
1.391296391;1.039534668;83.82499695
1.392974867;1.04062085;83.92500305
1.394704217;1.041557617;84.02500153
1.396382693;1.04264624;84.125
1.398061169;1.043659546;84.22499847
1.399739645;1.044621582;84.32499695
1.401418122;1.045592773;84.42500305
1.403045724;1.046640259;84.52500153
1.4047242;1.047615234;84.625
1.406300929;1.048591675;84.72499847
1.407928532;1.049511475;84.82499695
1.409556135;1.05035791;84.92500305
1.411183737;1.051340332;85.02500153
1.412862213;1.052443237;85.125
1.414540689;1.053406372;85.22499847
1.416269923;1.054544922;85.32499695
1.417999272;1.055565918;85.42500305
1.419728622;1.05655542;85.52500153
1.421407098;1.057633789;85.625
1.423085574;1.058649292;85.72499847
1.42476405;1.059673584;85.82499695
1.426391653;1.060672852;85.92500305
1.428019255;1.061547119;86.02500153
1.429646858;1.062501587;86.125
1.431223587;1.063510986;86.22499847
1.43285119;1.064420898;86.32499695
1.434529666;1.065422119;86.42500305
1.436157268;1.066459473;86.52500153
1.437835745;1.067401733;86.625
1.439514221;1.068385986;86.72499847
1.441192697;1.069393921;86.82499695
1.442871173;1.070424927;86.92500305
1.444600406;1.071490967;87.02500153
1.446329756;1.072446045;87.125
1.448008232;1.07343042;87.22499847
1.449635834;1.074421265;87.32499695
1.451263437;1.075415649;87.42500305
1.45289104;1.076445313;87.52500153
1.454569516;1.077308594;87.625
1.456146245;1.078234009;87.72499847
1.457824721;1.079363525;87.82499695
1.459503197;1.080322998;87.92500305
1.461181673;1.081270752;88.02500153
1.462911023;1.082290649;88.125
1.464640372;1.083360718;88.22499847
1.466318849;1.084366455;88.32499695
1.467997325;1.08538208;88.42500305
1.469675684;1.086299805;88.52500153
1.47135416;1.087309448;88.625
1.473032637;1.088338745;88.72499847
1.474660239;1.089164429;88.82499695
1.476236968;1.090081177;88.92500305
1.477813814;1.091030518;89.02500153
1.479441416;1.09189209;89.125
1.481069019;1.092873901;89.22499847
1.482747379;1.093944824;89.32499695
1.484476728;1.094844238;89.42500305
1.486206078;1.095851318;89.52500153
1.487884554;1.096934082;89.625
1.489613904;1.097927368;89.72499847
1.491343253;1.098953979;89.82499695
1.493021729;1.099995605;89.92500305
1.494649332;1.100911987;90.02500153
1.496327808;1.101882324;90.125
1.497955411;1.102855957;90.22499847
1.49953214;1.103713867;90.32499695
1.501159742;1.104649292;90.42500305
1.502787345;1.105619629;90.52500153
1.504465821;1.106691528;90.625
1.506093424;1.107522339;90.72499847
1.5077719;1.108501343;90.82499695
1.509501133;1.109561157;90.92500305
1.511230483;1.110608398;91.02500153
1.512959832;1.111588257;91.125
1.514638308;1.112524536;91.22499847
1.516316785;1.113525269;91.32499695
1.517995261;1.114499268;91.42500305
1.519622863;1.115470947;91.52500153
1.521301339;1.116418335;91.625
1.522928942;1.117364746;91.72499847
1.524556545;1.118340698;91.82499695
1.526235021;1.119239014;91.92500305
1.527862623;1.120222534;92.02500153
1.529591973;1.121103027;92.125
1.531270333;1.122072021;92.22499847
1.532999682;1.123057251;92.32499695
1.534678158;1.12408728;92.42500305
1.536407508;1.125070679;92.52500153
1.538187731;1.126134644;92.625
1.539815334;1.127014771;92.72499847
1.54149381;1.127904053;92.82499695
1.543121412;1.128774658;92.92500305
1.544749015;1.129763306;93.02500153
1.546325744;1.130569824;93.125
1.547902473;1.131476685;93.22499847
1.549580949;1.132408569;93.32499695
1.551208552;1.133331787;93.42500305
1.552887028;1.134263306;93.52500153
1.554565504;1.135271851;93.625
1.55624398;1.136128662;93.72499847
1.557973213;1.137142578;93.82499695
1.55965169;1.138019531;93.92500305
1.561381039;1.138983887;94.02500153
1.563059515;1.13997998;94.125
1.564737991;1.140965576;94.22499847
1.566365594;1.141878052;94.32499695
1.567942323;1.142584839;94.42500305
1.569569926;1.14359082;94.52500153
1.571197528;1.144469849;94.625
1.572825131;1.145400635;94.72499847
1.574503607;1.146350342;94.82499695
1.576232957;1.147343628;94.92500305
1.577911433;1.148359375;95.02500153
1.579691656;1.149336548;95.125
1.581420889;1.150307861;95.22499847
1.583150239;1.151269531;95.32499695
1.584828715;1.15226709;95.42500305
1.586456317;1.153125;95.52500153
1.58808392;1.154054688;95.625
1.589711523;1.154920654;95.72499847
1.591339125;1.155841064;95.82499695
1.592966728;1.156708496;95.92500305
1.594543457;1.157520752;96.02500153
1.59617106;1.158489136;96.125
1.597798662;1.159426514;96.22499847
1.599477138;1.160358887;96.32499695
1.601206488;1.161323242;96.42500305
1.602884964;1.162307861;96.52500153
1.604614314;1.163280029;96.625
1.606343663;1.164243774;96.72499847
1.608073013;1.165342529;96.82499695
1.609751373;1.16621936;96.92500305
1.611429849;1.167145264;97.02500153
1.613057451;1.168055542;97.125
1.614685054;1.168983398;97.22499847
1.616312657;1.169780518;97.32499695
1.617889502;1.170684082;97.42500305
1.619517105;1.171531738;97.52500153
1.621195464;1.172322632;97.625
1.622873941;1.173384399;97.72499847
1.62460329;1.174447998;97.82499695
1.626281766;1.175322754;97.92500305
1.628011116;1.176273682;98.02500153
1.629689592;1.177247559;98.125
1.631368068;1.17815686;98.22499847
1.632995671;1.179040405;98.32499695
1.634674147;1.179971436;98.42500305
1.636301749;1.180805054;98.52500153
1.637929352;1.181664063;98.625
1.639506081;1.182573486;98.72499847
1.641184557;1.183474121;98.82499695
1.64281216;1.18435437;98.92500305
1.644490636;1.185242188;99.02500153
1.646118239;1.186208496;99.125
1.647847588;1.187146118;99.22499847
1.649525948;1.188087769;99.32499695
1.651255297;1.188896606;99.42500305
1.652984647;1.189971436;99.52500153
1.654663123;1.190911499;99.625
1.656341599;1.191713257;99.72499847
1.657969202;1.192674438;99.82499695
1.659596805;1.193500366;99.92500305
1.661173534;1.194378418;100.0250015
1.662801136;1.195215576;100.125
1.664377865;1.196025024;100.2249985
1.666005468;1.196930298;100.3249969
1.667683944;1.19787207;100.4250031
1.669311547;1.198671631;100.5250015
1.671040896;1.19958606;100.625
1.672719372;1.200602905;100.7249985
1.674448722;1.201517334;100.8249969
1.676127198;1.202427612;100.9250031
1.677805674;1.203358154;101.0250015
1.679534907;1.20437207;101.125
1.68116251;1.205240845;101.2249985
1.682840986;1.206121094;101.3249969
1.684468589;1.20705481;101.4250031
1.686096191;1.207831787;101.5250015
1.687723794;1.208711548;101.625
1.689351397;1.209733887;101.7249985
1.691080746;1.210596191;101.8249969
1.692759222;1.211465454;101.9250031
1.694437698;1.21234729;102.0250015
1.696167048;1.213311279;102.125
1.697845524;1.214314819;102.2249985
1.699574874;1.215264038;102.3249969
1.701202476;1.216076172;102.4250031
1.702880953;1.217035767;102.5250015
1.704508555;1.217836182;102.625
1.706136158;1.218680176;102.7249985
1.70776376;1.219561768;102.8249969
1.709391363;1.220356445;102.9250031
1.711018966;1.221270386;103.0250015
1.712646568;1.222160156;103.125
1.714325044;1.22302832;103.2249985
1.71600352;1.223918091;103.3249969
1.717732754;1.224806274;103.4250031
1.719462103;1.225802612;103.5250015
1.721191453;1.226739014;103.625
1.722920802;1.227677246;103.7249985
1.724599279;1.228565552;103.8249969
1.726226881;1.229391724;103.9250031
1.727905357;1.230260986;104.0250015
1.72953296;1.231177124;104.125
1.731160562;1.23195813;104.2249985
1.732788165;1.232811279;104.3249969
1.734364894;1.233719604;104.4250031
1.73604337;1.234567627;104.5250015
1.737721846;1.235429199;104.625
1.739400323;1.236258545;104.7249985
1.741078799;1.237209351;104.8249969
1.742757158;1.238110596;104.9250031
1.744486508;1.23902417;105.0250015
1.746215858;1.239921631;105.125
1.74784346;1.240854126;105.2249985
1.749521936;1.241707031;105.3249969
1.751149539;1.242535034;105.4250031
1.752777142;1.243334473;105.5250015
1.754404744;1.244248291;105.625
1.756032347;1.245080444;105.7249985
1.757659949;1.245859009;105.8249969
1.759287552;1.246692871;105.9250031
1.761016902;1.247682129;106.0250015
1.762695378;1.248639771;106.125
1.764475601;1.249494629;106.2249985
1.76615396;1.250413574;106.3249969
1.76788331;1.251360962;106.4250031
1.769561786;1.252228271;106.5250015
1.771189389;1.253067261;106.625
1.772816991;1.25391748;106.7249985
1.774444594;1.254795288;106.8249969
1.776021323;1.255575195;106.9250031
1.777598052;1.25630835;107.0250015
1.779225771;1.257157349;107.125
1.7808025;1.258055908;107.2249985
1.782480977;1.258892456;107.3249969
1.784159336;1.259790283;107.4250031
1.785837812;1.260729736;107.5250015
1.787567162;1.261650635;107.625
1.789245638;1.262560547;107.7249985
1.790974988;1.263505493;107.8249969
1.792653464;1.264327026;107.9250031
1.79433194;1.265266113;108.0250015
1.796010416;1.266128906;108.125
1.797638019;1.266955811;108.2249985
1.799265621;1.267793701;108.3249969
1.800893224;1.268603516;108.4250031
1.802520826;1.269441406;108.5250015
1.804148429;1.270271362;108.625
1.805826905;1.27114624;108.7249985
1.807505381;1.272059937;108.8249969
1.809234614;1.272947998;108.9250031
1.810913091;1.273841187;109.0250015
1.812591567;1.274790527;109.125
1.814270043;1.275651855;109.2249985
1.815999392;1.276462646;109.3249969
1.817677869;1.277409058;109.4250031
1.819305471;1.278174072;109.5250015
1.820933074;1.278979858;109.625
1.822560676;1.279852905;109.7249985
1.824137405;1.280625244;109.8249969
1.825765008;1.281402954;109.9250031
1.827341737;1.282242432;110.0250015
1.829020213;1.283115356;110.125
1.830698689;1.28387915;110.2249985
1.832428039;1.284854492;110.3249969
1.834157389;1.285778809;110.4250031
1.835886738;1.286740845;110.5250015
1.837615971;1.28762207;110.625
1.839345321;1.288528809;110.7249985
1.841023797;1.289378906;110.8249969
1.8426514;1.290217896;110.9250031
1.844279002;1.291020508;111.0250015
1.845906605;1.291797974;111.125
1.847483334;1.292651367;111.2249985
1.849110937;1.293349121;111.3249969
1.850738539;1.294238159;111.4250031
1.852366142;1.295059692;111.5250015
1.854044618;1.295877686;111.625
1.855723094;1.29670752;111.7249985
1.857452444;1.297644897;111.8249969
1.85913092;1.298504272;111.9250031
1.86086027;1.299383667;112.0250015
1.862538746;1.300233887;112.125
1.864166348;1.301111328;112.2249985
1.865844824;1.301865723;112.3249969
1.8675233;1.3027677;112.4250031
1.869150903;1.303481567;112.5250015
1.870778506;1.304386353;112.625
1.872406108;1.305174683;112.7249985
1.874033711;1.305843872;112.8249969
1.875661314;1.306790527;112.9250031
1.877390547;1.30773645;113.0250015
1.879119896;1.308552368;113.125
1.880849246;1.309422363;113.2249985
1.882578596;1.310327271;113.3249969
1.884307945;1.311223999;113.4250031
1.885986421;1.312054321;113.5250015
1.887664897;1.312920288;113.625
1.889343257;1.313723755;113.7249985
1.89097086;1.314434204;113.8249969
1.892598462;1.315276855;113.9250031
1.894175308;1.316083618;114.0250015
1.89580291;1.316827881;114.125
1.897430513;1.317564331;114.2249985
1.899058116;1.318451782;114.3249969
1.900736592;1.319333374;114.4250031
1.902414951;1.320228638;114.5250015
1.904144301;1.321071777;114.625
1.905924524;1.322003052;114.7249985
1.907653874;1.322828857;114.8249969
1.909383223;1.323734253;114.9250031
1.9110617;1.324561646;115.0250015
1.912689302;1.325355591;115.125
1.914316905;1.326142944;115.2249985
1.915944507;1.326940918;115.3249969
1.917521236;1.327743774;115.4250031
1.919148839;1.328519531;115.5250015
1.920776442;1.329290894;115.625
1.922454918;1.330123413;115.7249985
1.924133394;1.33098938;115.8249969
1.92581187;1.331818359;115.9250031
1.927541103;1.332612427;116.0250015
1.929219579;1.3334823;116.125
1.930898055;1.334320679;116.2249985
1.932627405;1.335195923;116.3249969
1.934255008;1.335988647;116.4250031
1.93588261;1.336827881;116.5250015
1.937561086;1.337603027;116.625
1.939137815;1.338328369;116.7249985
1.940714545;1.339089844;116.8249969
1.942342147;1.33980835;116.9250031
1.94396975;1.340649902;117.0250015
1.945597352;1.341472412;117.125
1.947275829;1.342249023;117.2249985
1.948954305;1.343125244;117.3249969
1.950683654;1.343992676;117.4250031
1.952463877;1.344890991;117.5250015
1.954142237;1.345838257;117.625
1.955820713;1.346590332;117.7249985
1.957499189;1.347468994;117.8249969
1.959177665;1.34823938;117.9250031
1.960805384;1.349110229;118.0250015
1.962432871;1.349846436;118.125
1.96406059;1.350670532;118.2249985
1.965637319;1.351348267;118.3249969
1.967264805;1.352165039;118.4250031
1.968943281;1.35296228;118.5250015
1.970621757;1.353806641;118.625
1.972351223;1.35463562;118.7249985
1.974029699;1.355503906;118.8249969
1.975758933;1.356424316;118.9250031
1.977488166;1.357272095;119.0250015
1.979166642;1.358013672;119.125
1.980845118;1.358913208;119.2249985
1.982472837;1.359713623;119.3249969
1.984049566;1.360473511;119.4250031
1.985677052;1.36121814;119.5250015
1.987253781;1.362003174;119.625
1.9888815;1.362743286;119.7249985
1.990508987;1.363547485;119.8249969
1.992238453;1.36437439;119.9250031
1.993916929;1.365248901;120.0250015
1.995595405;1.36608606;120.125
1.997324638;1.366859619;120.2249985
1.999054104;1.367736328;120.3249969
2.000783337;1.368681519;120.4250031
2.002461813;1.369494995;120.5250015
2.00414029;1.370259277;120.625
2.005767776;1.371022705;120.7249985
2.007395495;1.371816406;120.8249969
2.009022981;1.372532593;120.9250031
2.01059971;1.373291748;121.0250015
2.012227429;1.374023438;121.125
2.013855148;1.374826172;121.2249985
2.015533391;1.375583374;121.3249969
2.017211867;1.376469482;121.4250031
2.018890344;1.377314697;121.5250015
2.02061981;1.378171631;121.625
2.022349043;1.378956665;121.7249985
2.024078509;1.379847534;121.8249969
2.025807742;1.380648682;121.9250031
2.027435461;1.381429932;122.0250015
2.029062947;1.38219043;122.125
2.030690666;1.382968018;122.2249985
2.032318152;1.383684448;122.3249969
2.033945872;1.384422241;122.4250031
2.035522601;1.38516394;122.5250015
2.037201077;1.385977051;122.625
2.038879553;1.386748169;122.7249985
2.040558029;1.38755481;122.8249969
2.042287262;1.388380981;122.9250031
2.044016495;1.389201904;123.0250015
2.045694971;1.39011377;123.125
2.047424437;1.390790771;123.2249985
2.049102914;1.391684204;123.3249969
2.05078139;1.392466064;123.4250031
2.052358119;1.393260254;123.5250015
2.053985605;1.393932495;123.625
2.055562334;1.394658325;123.7249985
2.057139063;1.395363037;123.8249969
2.058766782;1.396122803;123.9250031
2.060394268;1.396919189;124.0250015
2.062072745;1.39763269;124.125
2.063751221;1.39846521;124.2249985
2.065480687;1.399278687;124.3249969
2.06720992;1.400129883;124.4250031
2.068939153;1.40088501;124.5250015
2.070617629;1.40179126;124.625
2.072347095;1.402617188;124.7249985
2.074025571;1.403421387;124.8249969
2.075653058;1.404168091;124.9250031
2.077331534;1.405028564;125.0250015
2.078959253;1.405763184;125.125
2.080535982;1.406468384;125.2249985
2.082214458;1.40729541;125.3249969
2.083841944;1.408022827;125.4250031
2.08552042;1.408880859;125.5250015
2.087249886;1.409655273;125.625
2.088979119;1.410497314;125.7249985
2.090708585;1.411376343;125.8249969
2.092437819;1.412105591;125.9250031
2.094116295;1.413049438;126.0250015
2.095794771;1.413744629;126.125
2.097422257;1.414488892;126.2249985
2.098998986;1.415233521;126.3249969
2.100626705;1.415964722;126.4250031
2.102203434;1.41669104;126.5250015
2.103830921;1.417339478;126.625
2.10545864;1.418154419;126.7249985
2.107086126;1.4189198;126.8249969
2.108764602;1.4197146;126.9250031
2.110494068;1.420524658;127.0250015
2.112172544;1.421348145;127.125
2.113901777;1.422140381;127.2249985
2.115580253;1.422978149;127.3249969
2.117258729;1.423770508;127.4250031
2.118937206;1.424520142;127.5250015
2.120615682;1.425274902;127.625
2.122243401;1.426094849;127.7249985
2.123870887;1.42689917;127.8249969
2.125447616;1.427470459;127.9250031
2.127075335;1.428280884;128.0249939
2.128702821;1.42897644;128.125
2.13033054;1.429679565;128.2250061
2.131958026;1.430531128;128.3249969
2.133636503;1.431308472;128.4250031
2.135365969;1.432067627;128.5249939
2.137095202;1.43291333;128.625
2.138824435;1.433737305;128.7250061
2.140502911;1.434483765;128.8249969
2.142181387;1.435270142;128.9250031
2.143859863;1.436030273;129.0249939
2.145487582;1.436916748;129.125
2.147166058;1.437640503;129.2250061
2.148742788;1.438380981;129.3249969
2.150370274;1.439052124;129.4250031
2.151997993;1.439771973;129.5249939
2.153676469;1.440536865;129.625
2.155354945;1.441341675;129.7250061
2.157033421;1.442101196;129.8249969
2.158711897;1.442866211;129.9250031
2.16044113;1.443685425;130.0249939
2.162221354;1.444517578;130.125
2.163950587;1.445348877;130.2250061
2.165629063;1.446117798;130.3249969
2.167256782;1.446861084;130.4250031
2.168884268;1.447552246;130.5249939
2.170460997;1.448284546;130.625
2.172037726;1.448946655;130.7250061
2.173614455;1.449650269;130.8249969
2.175242174;1.450319336;130.9250031
2.176920651;1.451033447;131.0249939
2.178649884;1.451913208;131.125
2.18037935;1.452699707;131.2250061
2.182057826;1.453531128;131.3249969
2.183787059;1.454364746;131.4250031
2.185516525;1.455072998;131.5249939
2.187194768;1.455846924;131.625
2.188822487;1.456555786;131.7250061
2.190450206;1.457309814;131.8249969
2.192077693;1.458003174;131.9250031
2.193705412;1.458754272;132.0249939
2.195282141;1.459393433;132.125
2.19685887;1.460033325;132.2250061
2.198486356;1.460920288;132.3249969
2.200164832;1.461550415;132.4250031
2.201792551;1.462271118;132.5249939
2.203471027;1.463014648;132.625
2.205200261;1.463894043;132.7250061
2.206929494;1.464691772;132.8249969
2.208709717;1.465518555;132.9250031
2.210439183;1.466355713;133.0249939
2.212117659;1.467088257;133.125
2.213796135;1.467906616;133.2250061
2.215423621;1.468609253;133.3249969
2.21705134;1.469322144;133.4250031
2.218628069;1.470005615;133.5249939
2.220204799;1.470672119;133.625
2.221832285;1.471390991;133.7250061
2.223510761;1.472098511;133.8249969
2.225240227;1.472995728;133.9250031
2.226918703;1.473708374;134.0249939
2.228647936;1.474417603;134.125
2.230326412;1.475194336;134.2250061
2.232055645;1.475969971;134.3249969
2.233734122;1.476637817;134.4250031
2.235361841;1.477385986;134.5249939
2.237040317;1.478147217;134.625
2.238667803;1.478749023;134.7250061
2.240295522;1.479487793;134.8249969
2.241872251;1.480170288;134.9250031
2.243499737;1.480924438;135.0249939
2.245178213;1.481582764;135.125
2.246805932;1.482364624;135.2250061
2.248535166;1.483071411;135.3249969
2.250213642;1.483845947;135.4250031
2.251943108;1.484609985;135.5249939
2.253672341;1.485363159;135.625
2.255350817;1.486114746;135.7250061
2.257029293;1.486810669;135.8249969
2.258707769;1.487552124;135.9250031
2.260335255;1.488381836;136.0249939
2.261962974;1.489050415;136.125
2.263539704;1.489752563;136.2250061
2.26516719;1.490452271;136.3249969
2.266794909;1.491077026;136.4250031
2.268422395;1.491818604;136.5249939
2.270100871;1.492615601;136.625
2.271779347;1.493321655;136.7250061
2.273457823;1.494074463;136.8249969
2.275187289;1.494786621;136.9250031
2.276916523;1.495672119;137.0249939
2.278645989;1.496475708;137.125
2.280324465;1.497260132;137.2250061
2.282002941;1.498059204;137.3249969
2.283681184;1.498797729;137.4250031
2.285308903;1.499446899;137.5249939
2.286936389;1.500137329;137.625
2.288513351;1.500838989;137.7250061
2.29009008;1.501514893;137.8249969
2.291768556;1.502252441;137.9250031
2.293447033;1.50302771;138.0249939
2.295125276;1.503763306;138.125
2.296854742;1.504523193;138.2250061
2.298533218;1.505200439;138.3249969
2.300262451;1.506004028;138.4250031
2.301991917;1.506818359;138.5249939
2.303670393;1.507593384;138.625
2.305399626;1.508296875;138.7250061
2.307027346;1.509102295;138.8249969
2.308654832;1.509693359;138.9250031
2.310231561;1.510405029;139.0249939
2.31185928;1.510995239;139.125
2.313436009;1.511657593;139.2250061
2.315063495;1.512338745;139.3249969
2.316691214;1.513033203;139.4250031
2.31836969;1.513703369;139.5249939
2.320098924;1.514497437;139.625
2.321879147;1.515240356;139.7250061
2.323557623;1.516046631;139.8249969
2.325236099;1.516776733;139.9250031
2.326914575;1.517399048;140.0249939
2.328542061;1.518184692;140.125
2.330220537;1.518856445;140.2250061
2.331848256;1.519540527;140.3249969
2.333475742;1.520264038;140.4250031
2.335103462;1.520843994;140.5249939
2.336730948;1.521608887;140.625
2.338358667;1.522177612;140.7250061
2.340037143;1.522959717;140.8249969
2.341664629;1.523669312;140.9250031
2.343444852;1.524413696;141.0249939
2.345123328;1.525220215;141.125
2.346852794;1.525920532;141.2250061
2.348531038;1.526661499;141.3249969
2.350260504;1.527548096;141.4250031
2.351989737;1.528230103;141.5249939
2.353617456;1.528950073;141.625
2.355244942;1.529626465;141.7250061
2.356872661;1.530273071;141.8249969
2.358500147;1.530958496;141.9250031
2.360127866;1.531589355;142.0249939
2.361755352;1.532321655;142.125
2.363383071;1.532996094;142.2250061
2.365061548;1.533702393;142.3249969
2.366790781;1.534508789;142.4250031
2.368520247;1.535269165;142.5249939
2.37024948;1.535985352;142.625
2.371978713;1.536711792;142.7250061
2.373657189;1.537435181;142.8249969
2.375284908;1.538187256;142.9250031
2.376912395;1.538814331;143.0249939
2.378540114;1.539527344;143.125
2.380116843;1.540131104;143.2250061
2.381744562;1.540753662;143.3249969
2.383321291;1.541452637;143.4250031
2.384999767;1.542085083;143.5249939
2.386627253;1.542771484;143.625
2.388356486;1.543532471;143.7250061
2.390136709;1.544317749;143.8249969
2.391866175;1.545009644;143.9250031
2.393595409;1.5458573;144.0249939
2.395273885;1.546477539;144.125
2.396952361;1.547228271;144.2250061
2.398630837;1.547970947;144.3249969
2.400309313;1.548602783;144.4250031
2.401936799;1.549269409;144.5249939
2.403513761;1.549924561;144.625
2.405141247;1.55055127;144.7250061
2.406717977;1.551188477;144.8249969
2.408396453;1.551898071;144.9250031
2.410024172;1.55262207;145.0249939
2.411702648;1.553231079;145.125
2.413431881;1.553879761;145.2250061
2.415110357;1.554763062;145.3249969
2.41683959;1.555441895;145.4250031
2.418569056;1.556248901;145.5249939
2.420247532;1.556984497;145.625
2.421926009;1.557671143;145.7250061
2.423553495;1.558384644;145.8249969
2.425181214;1.558985107;145.9250031
2.4268087;1.559637451;146.0249939
2.428385429;1.560303345;146.125
2.429962158;1.560924805;146.2250061
2.431640634;1.561612671;146.3249969
2.43331911;1.562363281;146.4250031
2.435048576;1.563098267;146.5249939
2.43677781;1.563819092;146.625
2.438507043;1.56462915;146.7250061
2.440185519;1.565257324;146.8249969
2.441914985;1.566044922;146.9250031
2.443593461;1.566663818;147.0249939
2.445220947;1.567437256;147.125
2.446797676;1.568039307;147.2250061
2.448425395;1.568721558;147.3249969
2.450052882;1.56936499;147.4250031
2.451629611;1.569981567;147.5249939
2.45325733;1.570662109;147.625
2.454935806;1.571353882;147.7250061
2.456614282;1.572006104;147.8249969
2.458343515;1.572821045;147.9250031
2.460123738;1.573514526;148.0249939
2.461903961;1.574347534;148.125
2.463633195;1.575073975;148.2250061
2.465311671;1.57578772;148.3249969
2.466990147;1.576434692;148.4250031
2.468617866;1.577153809;148.5249939
2.470245352;1.577788208;148.625
2.471873071;1.57847522;148.7250061
2.4734498;1.579018677;148.8249969
2.475077286;1.579643066;148.9250031
2.476654015;1.580313965;149.0249939
2.478281735;1.580998413;149.125
2.479960211;1.581637329;149.2250061
2.481638687;1.582247925;149.3249969
2.483266173;1.583078369;149.4250031
2.484995639;1.583683472;149.5249939
2.486674115;1.584336792;149.625
2.488403348;1.585059692;149.7250061
2.490081824;1.585782227;149.8249969
2.4917603;1.586381226;149.9250031
2.49338802;1.587060181;150.0249939
2.495066496;1.587726929;150.125
2.496643225;1.588413696;150.2250061
2.498321701;1.589043945;150.3249969
2.499949187;1.589688599;150.4250031
2.50167842;1.590471924;150.5249939
2.503356896;1.591106201;150.625
2.505086362;1.591886719;150.7250061
2.506815596;1.592583618;150.8249969
2.508545062;1.593258423;150.9250031
2.510223538;1.593943848;151.0249939
2.511902014;1.594676758;151.125
2.5135295;1.595240723;151.2250061
2.515207976;1.595945923;151.3249969
2.516784705;1.596528931;151.4250031
2.518412424;1.597124512;151.5249939
2.519989153;1.597796875;151.625
2.52161664;1.598366821;151.7250061
2.523193369;1.599020508;151.8249969
2.524871845;1.599717529;151.9250031
2.526550321;1.600420166;152.0249939
2.528279787;1.601077393;152.125
2.529958263;1.601800537;152.2250061
2.531687496;1.602524902;152.3249969
2.533416729;1.603274658;152.4250031
2.535146195;1.603935425;152.5249939
2.536824672;1.604646729;152.625
2.538503148;1.605333862;152.7250061
2.540130634;1.605884766;152.8249969
2.541758353;1.606644409;152.9250031
2.543385839;1.607194702;153.0249939
2.545013558;1.60788147;153.125
2.546641044;1.608469727;153.2250061
2.548268763;1.609120972;153.3249969
2.549947239;1.609636841;153.4250031
2.551625716;1.610271362;153.5249939
2.553354949;1.611063843;153.625
2.555033425;1.611699951;153.7250061
2.556762658;1.612404663;153.8249969
2.558441134;1.613108032;153.9250031
2.56011961;1.613794678;154.0249939
2.561747329;1.614413818;154.125
2.563324058;1.614981445;154.2250061
2.564951545;1.615567383;154.3249969
2.566477517;1.616063965;154.4250031
2.568105236;1.616624756;154.5249939
2.569732722;1.617384644;154.625
2.571411198;1.618023438;154.7250061
2.573140431;1.618789429;154.8249969
2.574869897;1.619482666;154.9250031
2.57665012;1.620157837;155.0249939
2.578379354;1.620919922;155.125
2.58005783;1.621544312;155.2250061
2.581736306;1.622248291;155.3249969
2.583414782;1.622819092;155.4250031
2.585042501;1.62353772;155.5249939
2.586669987;1.624203125;155.625
2.588297706;1.624654785;155.7250061
2.589874435;1.625333008;155.8249969
2.591501921;1.625928101;155.9250031
2.59312964;1.6266698;156.0249939
2.594808117;1.627310181;156.125
2.596435603;1.627909546;156.2250061
2.598164836;1.628636841;156.3249969
2.599843312;1.629215576;156.4250031
2.601572778;1.629988525;156.5249939
2.603251254;1.63060144;156.625
2.604980487;1.631373901;156.7250061
2.606608206;1.631999634;156.8249969
2.608235693;1.632687134;156.9250031
2.609914169;1.633251221;157.0249939
2.611490898;1.63381665;157.125
2.613067627;1.634476318;157.2250061
2.614695346;1.635081909;157.3249969
2.616373822;1.635768677;157.4250031
2.618103055;1.636466919;157.5249939
2.619781531;1.637140259;157.625
2.621510997;1.637895142;157.7250061
2.623240231;1.638525146;157.8249969
2.624918707;1.639247559;157.9250031
2.62664794;1.639873413;158.0249939
2.628326416;1.640544556;158.125
2.629954135;1.641076782;158.2250061
2.631581621;1.641683472;158.3249969
2.63315835;1.642270142;158.4250031
2.634735079;1.642893921;158.5249939
2.636311809;1.643458984;158.625
2.637888771;1.643933838;158.7250061
2.6394655;1.644524658;158.8249969
2.641143976;1.645279907;158.9250031
2.642873209;1.645897095;159.0249939
2.644602442;1.646622314;159.125
2.646331908;1.647359375;159.2250061
2.648112131;1.64805896;159.3249969
2.649841364;1.648788574;159.4250031
2.651519841;1.649470581;159.5249939
2.653198317;1.650067383;159.625
2.654876793;1.650732056;159.7250061
2.656453522;1.651356079;159.8249969
2.658081241;1.651886597;159.9250031
2.65965797;1.652464478;160.0249939
2.661285456;1.653040649;160.125
2.662963932;1.653793335;160.2250061
2.664642408;1.654474365;160.3249969
2.666371642;1.655106079;160.4250031
2.668101108;1.655795776;160.5249939
2.669830341;1.656528564;160.625
2.671508817;1.65720105;160.7250061
2.673238283;1.657795532;160.8249969
2.674916759;1.658450317;160.9250031
2.676544245;1.659045776;161.0249939
2.678171964;1.659677246;161.125
2.67985044;1.66026416;161.2250061
2.68142717;1.660808594;161.3249969
2.683003899;1.661349365;161.4250031
2.684631385;1.66194873;161.5249939
2.686309861;1.662635254;161.625
2.687988337;1.66325708;161.7250061
2.68971757;1.663920288;161.8249969
2.691447036;1.664607666;161.9250031
2.69317627;1.665230225;162.0249939
2.694905736;1.665925659;162.125
2.696584212;1.666530518;162.2250061
2.698262688;1.667121948;162.3249969
2.699941164;1.667805908;162.4250031
2.70156865;1.66837915;162.5249939
2.703196369;1.668928833;162.625
2.704773098;1.669473755;162.7250061
2.706400584;1.670084839;162.8249969
2.707977314;1.67063916;162.9250031
2.70965579;1.671250854;163.0249939
2.711334266;1.671923828;163.125
2.713114489;1.672584351;163.2250061
2.714843722;1.673257324;163.3249969
2.716573188;1.67390686;163.4250031
2.718302421;1.674578857;163.5249939
2.719980897;1.675185669;163.625
2.721659373;1.675863892;163.7250061
2.723287093;1.676404541;163.8249969
2.724914579;1.676909912;163.9250031
2.726491308;1.677511719;164.0249939
2.728119027;1.678047729;164.125
2.729695756;1.678626099;164.2250061
2.731323242;1.679050293;164.3249969
2.733001718;1.679744751;164.4250031
2.734680194;1.680459229;164.5249939
2.73640966;1.681193604;164.625
2.738138894;1.681828979;164.7250061
2.73981737;1.682461426;164.8249969
2.741546603;1.683072998;164.9250031
2.743225079;1.683782349;165.0249939
2.744903555;1.684355713;165.125
2.746582031;1.684862671;165.2250061
2.74820975;1.685496826;165.3249969
2.749786479;1.686101563;165.4250031
2.751413966;1.686727417;165.5249939
2.752990695;1.687279907;165.625
2.754618414;1.687839111;165.7250061
2.75629689;1.68851062;165.8249969
2.757975366;1.689051147;165.9250031
2.759653842;1.68969043;166.0249939
2.761383075;1.690261475;166.125
2.763061551;1.690996948;166.2250061
2.764791017;1.691609741;166.3249969
2.766469494;1.692359253;166.4250031
2.76814797;1.692965698;166.5249939
2.769826213;1.693601196;166.625
2.771453932;1.694175903;166.7250061
2.773081651;1.694745972;166.8249969
2.77465838;1.695383545;166.9250031
2.776285866;1.69590979;167.0249939
2.777913585;1.696449341;167.125
2.779592061;1.697056274;167.2250061
2.781270305;1.697754883;167.3249969
2.782948781;1.69842627;167.4250031
2.784678247;1.699090576;167.5249939
2.78640748;1.699702759;167.625
2.788136946;1.700384644;167.7250061
2.789866179;1.700983276;167.8249969
2.791493898;1.701549316;167.9250031
2.793172374;1.702207031;168.0249939
2.794799861;1.702803101;168.125
2.79642758;1.703405396;168.2250061
2.798004309;1.703832764;168.3249969
2.799631795;1.704503052;168.4250031
2.801259514;1.705050903;168.5249939
2.802887;1.705644409;168.625
2.804565476;1.706220825;168.7250061
2.806294942;1.706879883;168.8249969
2.808024175;1.707474243;168.9250031
2.809753409;1.708223999;169.0249939
2.811482875;1.708850586;169.125
2.813161351;1.709401123;169.2250061
2.814839827;1.710057007;169.3249969
2.816467313;1.710647949;169.4250031
2.818095032;1.71117627;169.5249939
2.819671761;1.711646362;169.625
2.821299247;1.712206177;169.7250061
2.822875977;1.712765259;169.8249969
2.824452706;1.713316162;169.9250031
2.826131182;1.713875977;170.0249939
2.827809658;1.714453003;170.125
2.829539124;1.715143555;170.2250061
2.831268357;1.715825317;170.3249969
2.832997823;1.716483154;170.4250031
2.834777813;1.717176147;170.5249939
2.83645629;1.717752197;170.625
2.838084009;1.718339478;170.7250061
2.839762485;1.718907349;170.8249969
2.841389971;1.719485474;170.9250031
2.8429667;1.719953369;171.0249939
2.844594419;1.720560547;171.125
2.846221905;1.721095703;171.2250061
2.847849624;1.721677856;171.3249969
2.8495281;1.722275391;171.4250031
2.851257334;1.722880127;171.5249939
2.8529868;1.72357373;171.625
2.854716033;1.724204468;171.7250061
2.856394509;1.724755005;171.8249969
2.858174732;1.725472168;171.9250031
2.859853208;1.726048584;172.0249939
2.861531684;1.7267229;172.125
2.86321016;1.727251343;172.2250061
2.864786889;1.72777478;172.3249969
2.866414376;1.728249023;172.4250031
2.867991105;1.72877063;172.5249939
2.869567834;1.729303589;172.625
2.871195553;1.72983728;172.7250061
2.872874029;1.730405273;172.8249969
2.874552505;1.731046753;172.9250031
2.876281738;1.731699585;173.0249939
2.878011204;1.732229126;173.125
2.87968968;1.732891479;173.2250061
2.881418914;1.73350354;173.3249969
2.88309739;1.73416687;173.4250031
2.884775866;1.734735352;173.5249939
2.886454342;1.735358154;173.625
2.888082061;1.735778809;173.7250061
2.88965879;1.736382935;173.8249969
2.891286276;1.736920776;173.9250031
2.892863005;1.737424561;174.0249939
2.894490724;1.737931519;174.125
2.896169201;1.738495361;174.2250061
2.897847677;1.739134521;174.3249969
2.899627667;1.739829224;174.4250031
2.901357133;1.740396973;174.5249939
2.903086366;1.74100293;174.625
2.904764842;1.74165271;174.7250061
2.906443318;1.742245361;174.8249969
2.908121794;1.742789185;174.9250031
2.909749513;1.743320801;175.0249939
2.911377;1.743877319;175.125
2.912953729;1.744380249;175.2250061
2.914581448;1.744868042;175.3249969
2.916208934;1.745407227;175.4250031
2.917836653;1.745981812;175.5249939
2.919515129;1.746625732;175.625
2.921193605;1.74713623;175.7250061
2.922922838;1.747839233;175.8249969
2.924703062;1.748549805;175.9250031
2.926432295;1.749111694;176.0249939
2.928161761;1.749744019;176.125
2.929840237;1.750379028;176.2250061
2.931518713;1.75089502;176.3249969
2.933095442;1.751381958;176.4250031
2.934722928;1.751889893;176.5249939
2.9362489;1.75234021;176.625
2.93777464;1.75279895;176.7250061
2.939351369;1.753306641;176.8249969
2.940979088;1.753883301;176.9250031
2.942708321;1.754506226;177.0249939
2.944386797;1.755053833;177.125
2.946116263;1.755732544;177.2250061
2.947845496;1.756403076;177.3249969
2.949574962;1.756973022;177.4250031
2.951304195;1.75757605;177.5249939
2.952982672;1.758176025;177.625
2.954610158;1.758745361;177.7250061
2.956237877;1.759261841;177.8249969
2.957865363;1.759775757;177.9250031
2.959442325;1.760290161;178.0249939
2.961069811;1.760769775;178.125
2.96269753;1.761285156;178.2250061
2.964376006;1.761971191;178.3249969
2.96605425;1.762593994;178.4250031
2.967783716;1.763056274;178.5249939
2.969563939;1.76376001;178.625
2.971344162;1.764307373;178.7250061
2.973022638;1.765054199;178.8249969
2.974751871;1.765614868;178.9250031
2.976379357;1.766210938;179.0249939
2.978057833;1.766731323;179.125
2.979685552;1.767224487;179.2250061
2.981262282;1.7676073;179.3249969
2.982839011;1.768185669;179.4250031
2.98446673;1.768678955;179.5249939
2.986043459;1.769203491;179.625
2.987721935;1.769839722;179.7250061
2.989400411;1.770352905;179.8249969
2.991078887;1.770936279;179.9250031
2.99280812;1.771552734;180.0249939
2.994588343;1.772090576;180.125
2.996317577;1.772727905;180.2250061
2.9980978;1.773361938;180.3249969
2.999776276;1.773925293;180.4250031
3.001454752;1.774535889;180.5249939
3.003082471;1.775022217;180.625
3.004709957;1.775530884;180.7250061
3.006286686;1.776003784;180.8249969
3.007863415;1.776461792;180.9250031
3.009440145;1.7769375;181.0249939
3.011118621;1.777518921;181.125
3.012797097;1.778017334;181.2250061
3.014526563;1.778658569;181.3249969
3.016204806;1.779206177;181.4250031
3.017934272;1.77985022;181.5249939
3.019612748;1.780434082;181.625
3.021341981;1.780906128;181.7250061
3.0229697;1.781482422;181.8249969
3.024597187;1.781898315;181.9250031
3.026224906;1.782498535;182.0249939
3.027801635;1.782886963;182.125
3.029378364;1.783482666;182.2250061
3.030955093;1.783915283;182.3249969
3.032633569;1.784378296;182.4250031
3.034261055;1.785021118;182.5249939
3.035990521;1.785645874;182.625
3.037719755;1.786260742;182.7250061
3.039449221;1.786830688;182.8249969
3.041229444;1.787459473;182.9250031
3.042958677;1.788035034;183.0249939
3.044586163;1.788637817;183.125
3.046264639;1.789075928;183.2250061
3.047943115;1.789529907;183.3249969
3.049570834;1.790195679;183.4250031
3.051147563;1.790613403;183.5249939
3.05277505;1.791045166;183.625
3.054351779;1.791622314;183.7250061
3.056030255;1.792119629;183.8249969
3.057708731;1.792715454;183.9250031
3.059387207;1.793246704;184.0249939
3.061116673;1.793801514;184.125
3.062845906;1.79446582;184.2250061
3.064626129;1.795092041;184.3249969
3.066355363;1.795577881;184.4250031
3.068084829;1.796183716;184.5249939
3.069712315;1.796702759;184.625
3.071390791;1.797148926;184.7250061
3.07301851;1.797618774;184.8249969
3.074595239;1.798175537;184.9250031
3.076171968;1.798569458;185.0249939
3.077799454;1.799036865;185.125
3.079427173;1.799526489;185.2250061
3.081105649;1.80003772;185.3249969
3.082784126;1.800551758;185.4250031
3.084462602;1.801084351;185.5249939
3.086191835;1.801672852;185.625
3.087921301;1.802282227;185.7250061
3.089599777;1.802762817;185.8249969
3.09132901;1.803339966;185.9250031
3.092956729;1.803907349;186.0249939
3.094584215;1.804412231;186.125
3.096211934;1.804821655;186.2250061
3.097788664;1.805327148;186.3249969
3.099365393;1.805801758;186.4250031
3.100992879;1.80622937;186.5249939
3.102620598;1.806769653;186.625
3.104248084;1.807260254;186.7250061
3.10597755;1.807782471;186.8249969
3.107706783;1.80842627;186.9250031
3.109436017;1.808996094;187.0249939
3.111165483;1.809521362;187.125
3.112945706;1.810124512;187.2250061
3.114624182;1.810686035;187.3249969
3.116251668;1.811225464;187.4250031
3.117879387;1.811713135;187.5249939
3.119506873;1.812097168;187.625
3.121134592;1.812651978;187.7250061
3.122660331;1.81308374;187.8249969
3.12428805;1.813520508;187.9250031
3.125915537;1.814029907;188.0249939
3.127594013;1.814582764;188.125
3.129272489;1.81512085;188.2250061
3.131001955;1.815633301;188.3249969
3.132731188;1.816237427;188.4250031
3.134460421;1.816857422;188.5249939
3.136138897;1.817343384;188.625
3.137817373;1.817877441;188.7250061
3.13949585;1.818432495;188.8249969
3.141174326;1.81894397;188.9250031
3.142802045;1.819370728;189.0249939
3.144378774;1.819821655;189.125
3.145955503;1.820286621;189.2250061
3.147582989;1.820761719;189.3249969
3.149210708;1.821271851;189.4250031
3.150889184;1.821792236;189.5249939
3.15256766;1.822333496;189.625
3.154347884;1.822902588;189.7250061
3.156077117;1.823474731;189.8249969
3.157755593;1.823998047;189.9250031
3.159485059;1.824518555;190.0249939
3.161163302;1.825002563;190.125
3.162841778;1.825397949;190.2250061
3.164469497;1.825966309;190.3249969
3.166096983;1.826474365;190.4250031
3.167673945;1.826922119;190.5249939
3.169250675;1.82733606;190.625
3.170878161;1.827806274;190.7250061
3.172556637;1.828351074;190.8249969
3.174184356;1.828808472;190.9250031
3.175862599;1.829346924;191.0249939
3.177592065;1.829920532;191.125
3.179321298;1.83045105;191.2250061
3.180999774;1.830996582;191.3249969
3.182729241;1.831501831;191.4250031
3.184458474;1.832074097;191.5249939
3.18613695;1.832534424;191.625
3.187764669;1.833073486;191.7250061
3.189392155;1.83348645;191.8249969
3.190968884;1.833988159;191.9250031
3.192545613;1.834404785;192.0249939
3.194173332;1.83479187;192.125
3.195851808;1.83531604;192.2250061
3.197530285;1.835789063;192.3249969
3.199208761;1.836287964;192.4250031
3.200887237;1.836761108;192.5249939
3.20261647;1.837394409;192.625
3.204345703;1.837884888;192.7250061
3.206024179;1.838398804;192.8249969
3.207702655;1.838940552;192.9250031
3.209330374;1.839394409;193.0249939
3.21100885;1.839892822;193.125
3.212687327;1.840392578;193.2250061
3.214264056;1.840848755;193.3249969
3.215789795;1.841184204;193.4250031
3.217417514;1.84171521;193.5249939
3.219045;1.842208008;193.625
3.220723476;1.842630005;193.7250061
3.222452942;1.843181519;193.8249969
3.224182175;1.84370874;193.9250031
3.225911641;1.844240601;194.0249939
3.227691632;1.844728516;194.125
3.229370108;1.845321533;194.2250061
3.231048584;1.845785156;194.3249969
3.23272706;1.846269043;194.4250031
3.234354779;1.846713745;194.5249939
3.235982265;1.847097656;194.625
3.237558994;1.8475896;194.7250061
3.239186713;1.848015991;194.8249969
3.240763443;1.848390259;194.9250031
3.242390929;1.848828857;195.0249939
3.244069405;1.849314087;195.125
3.245798871;1.849889404;195.2250061
3.247477347;1.850387817;195.3249969
3.24920658;1.850935547;195.4250031
3.250885056;1.851424194;195.5249939
3.252614522;1.852069336;195.625
3.254292998;1.852534424;195.7250061
3.255971475;1.853121704;195.8249969
3.257649718;1.85351062;195.9250031
3.25922668;1.853926025;196.0249939
3.260803409;1.854390015;196.125
3.262380138;1.854755981;196.2250061
3.263956867;1.855217651;196.3249969
3.265635343;1.855734741;196.4250031
3.267313819;1.856233765;196.5249939
3.268992295;1.856745483;196.625
3.270772286;1.857256348;196.7250061
3.272552509;1.857878662;196.8249969
3.274281975;1.858415771;196.9250031
3.276011208;1.858947998;197.0249939
3.277689684;1.859437622;197.125
3.27936816;1.860002075;197.2250061
3.280995879;1.860395752;197.3249969
3.282572608;1.860837402;197.4250031
3.284200095;1.861290405;197.5249939
3.285776824;1.86166272;197.625
3.287404543;1.862163574;197.7250061
3.289083019;1.86263855;197.8249969
3.290710505;1.863131348;197.9250031
3.292439971;1.863567017;198.0249939
3.294118447;1.864153564;198.125
3.295796691;1.864674683;198.2250061
3.297576914;1.865165649;198.3249969
3.29930638;1.865680542;198.4250031
3.300984856;1.866139526;198.5249939
3.302561585;1.866625122;198.625
3.304189071;1.867041016;198.7250061
3.30581679;1.867408813;198.8249969
3.307342529;1.867807861;198.9250031
3.308919258;1.868247314;199.0249939
3.310546977;1.868599854;199.125
3.312225454;1.869128906;199.2250061
3.313954687;1.86968689;199.3249969
3.315684153;1.870290039;199.4250031
3.317413386;1.870733643;199.5249939
3.319142852;1.871307983;199.625
3.320872085;1.871809814;199.7250061
3.322601318;1.872353027;199.8249969
3.324279794;1.872733154;199.9250031
3.325907513;1.873329468;200.0249939
3.327535;1.873655273;200.125
3.329111729;1.874022217;200.2250061
3.330688458;1.874398682;200.3249969
3.33226542;1.874855103;200.4250031
3.333842149;1.875320679;200.5249939
3.335520625;1.875780884;200.625
3.337198868;1.876248413;200.7250061
3.338877345;1.876807251;200.8249969
3.340657568;1.877251221;200.9250031
3.342437791;1.877903809;201.0249939
3.344167257;1.87838147;201.125
3.345845733;1.87881897;201.2250061
3.347524209;1.879340454;201.3249969
3.349202452;1.879762939;201.4250031
3.350880928;1.880271362;201.5249939
3.352457657;1.880641235;201.625
3.354034619;1.880975952;201.7250061
3.355611349;1.881398926;201.8249969
3.357238835;1.88170813;201.9250031
3.358866554;1.88225769;202.0249939
3.360595787;1.882679077;202.125
3.362274263;1.88321582;202.2250061
3.364003496;1.883731079;202.3249969
3.365732962;1.884170532;202.4250031
3.367462195;1.884716675;202.5249939
3.369191661;1.885350464;202.625
3.370870138;1.885859863;202.7250061
3.372497624;1.886295776;202.8249969
3.3741761;1.886586182;202.9250031
3.375752829;1.887043701;203.0249939
3.377329558;1.887381958;203.125
3.378957277;1.887880615;203.2250061
3.380584763;1.888354248;203.3249969
3.382314229;1.888765503;203.4250031
3.383992705;1.889237915;203.5249939
3.385721939;1.88986853;203.625
3.387400415;1.890249146;203.7250061
3.389180638;1.890742432;203.8249969
3.390909871;1.891239258;203.9250031
3.392588347;1.891704346;204.0249939
3.394266823;1.892188232;204.125
3.395894542;1.892680908;204.2250061
3.397522029;1.893049927;204.3249969
3.399098758;1.893426392;204.4250031
3.400675487;1.893768433;204.5249939
3.402252216;1.894160645;204.625
3.403879935;1.894574341;204.7250061
3.405507421;1.894978149;204.8249969
3.407185897;1.895443726;204.9250031
3.408915363;1.895889893;205.0249939
3.410695586;1.896512939;205.125
3.41242482;1.897061401;205.2250061
3.414154053;1.897504761;205.3249969
3.415883519;1.898060303;205.4250031
3.417561995;1.898460083;205.5249939
3.419189481;1.898933472;205.625
3.4208172;1.899393311;205.7250061
3.422393929;1.89973584;205.8249969
3.423970658;1.90007373;205.9250031
3.425598145;1.900494751;206.0249939
3.427276621;1.901047119;206.125
3.42890434;1.901502686;206.2250061
3.430633573;1.901885986;206.3249969
3.432363039;1.902490967;206.4250031
3.434092272;1.902973511;206.5249939
3.435821738;1.903471313;206.625
3.437499981;1.903916748;206.7250061
3.439178457;1.904329102;206.8249969
3.440856934;1.904779175;206.9250031
3.442484653;1.905188599;207.0249939
3.444061382;1.905535278;207.125
3.445638111;1.905953247;207.2250061
3.44721484;1.9063302;207.3249969
3.448842559;1.906707031;207.4250031
3.450470045;1.907170166;207.5249939
3.452199278;1.907671875;207.625
3.453928744;1.908289429;207.7250061
3.455708968;1.908810913;207.8249969
3.457438201;1.909252441;207.9250031
3.459167667;1.909806641;208.0249939
3.4608969;1.910260376;208.125
3.462575376;1.910623535;208.2250061
3.464253852;1.911003906;208.3249969
3.465881338;1.911432007;208.4250031
3.467458067;1.911847534;208.5249939
3.469085786;1.912168091;208.625
3.470662516;1.912514893;208.7250061
3.472290235;1.912935913;208.8249969
3.473917721;1.913371826;208.9250031
3.475646954;1.913796143;209.0249939
3.47732543;1.914270142;209.125
3.479105653;1.914724976;209.2250061
3.480784129;1.915205566;209.3249969
3.482462605;1.91560376;209.4250031
3.484192071;1.91603833;209.5249939
3.485819558;1.916405884;209.625
3.487498034;1.916775513;209.7250061
3.489125753;1.917191528;209.8249969
3.490702482;1.917608276;209.9250031
3.492329968;1.91799353;210.0249939
3.493906697;1.918314697;210.125
3.495534416;1.918751465;210.2250061
3.497212892;1.919179077;210.3249969
3.498942126;1.91962146;210.4250031
3.500620602;1.920084351;210.5249939
3.502349835;1.920582642;210.625
3.504079301;1.920985229;210.7250061
3.505808534;1.921421387;210.8249969
3.50748701;1.921853516;210.9250031
3.509216476;1.922310425;211.0249939
3.510894952;1.922738159;211.125
3.512522439;1.923163086;211.2250061
3.514099168;1.923515137;211.3249969
3.51562514;1.923816895;211.4250031
3.517252626;1.924235474;211.5249939
3.518829355;1.924560181;211.625
3.520507831;1.924940308;211.7250061
3.52213555;1.925369629;211.8249969
3.523864783;1.925749268;211.9250031
3.525645006;1.926344238;212.0249939
3.527374472;1.926765259;212.125
3.529052716;1.927232788;212.2250061
3.530782182;1.927676758;212.3249969
3.532511415;1.928189453;212.4250031
3.534189891;1.928533936;212.5249939
3.53576662;1.928962646;212.625
3.537394339;1.929258667;212.7250061
3.538971068;1.929588867;212.8249969
3.540547797;1.92994458;212.9250031
3.542175284;1.930312256;213.0249939
3.54385376;1.930745483;213.125
3.545583226;1.93109082;213.2250061
3.547312459;1.931630249;213.3249969
3.549041925;1.932057007;213.4250031
3.550822148;1.932576172;213.5249939
3.552551381;1.932962158;213.625
3.554229857;1.933498413;213.7250061
3.555908334;1.933733765;213.8249969
3.55753582;1.934099854;213.9250031
3.559112549;1.934474976;214.0249939
3.560689278;1.934769043;214.125
3.562316997;1.935111694;214.2250061
3.563893726;1.935517578;214.3249969
3.565521445;1.935910645;214.4250031
3.567199688;1.936216187;214.5249939
3.568929154;1.936663208;214.625
3.570658388;1.937126343;214.7250061
3.572336864;1.937574463;214.8249969
3.574117087;1.938023315;214.9250031
3.575846553;1.938572388;215.0249939
3.577525029;1.938978394;215.125
3.579203272;1.939284058;215.2250061
3.580830991;1.939636108;215.3249969
3.58240772;1.940038086;215.4250031
3.58398445;1.940355835;215.5249939
3.585561179;1.940622192;215.625
3.587137908;1.940996338;215.7250061
3.588765627;1.941427979;215.8249969
3.590444103;1.941901733;215.9250031
3.592173336;1.942276855;216.0249939
3.593902569;1.942715088;216.125
3.595632035;1.943202148;216.2250061
3.597361268;1.943601929;216.3249969
3.599039745;1.944064697;216.4250031
3.600769211;1.944507935;216.5249939
3.602447687;1.944941895;216.625
3.604126163;1.945308716;216.7250061
3.605753649;1.94566626;216.8249969
3.607381368;1.946034912;216.9250031
3.608958097;1.946383179;217.0249939
3.610534826;1.946735107;217.125
3.612162312;1.947161255;217.2250061
3.613840789;1.947427002;217.3249969
3.615570255;1.947883301;217.4250031
3.617350245;1.948333496;217.5249939
3.619130468;1.948750244;217.625
3.620808944;1.949233887;217.7250061
3.62253841;1.949650635;217.8249969
3.624216886;1.949995361;217.9250031
3.625844372;1.95040686;218.0249939
3.627472091;1.950755371;218.125
3.629099578;1.951002686;218.2250061
3.630676307;1.951417969;218.3249969
3.632253036;1.951737427;218.4250031
3.633880755;1.951981567;218.5249939
3.635508241;1.952334961;218.625
3.63713596;1.952726074;218.7250061
3.638865193;1.953141357;218.8249969
3.640594659;1.953560425;218.9250031
3.642374882;1.95397583;219.0249939
3.644104116;1.954414185;219.125
3.645782592;1.954889404;219.2250061
3.647511825;1.955271118;219.3249969
3.649190301;1.955628906;219.4250031
3.650868777;1.956029419;219.5249939
3.652496496;1.956434326;219.625
3.654073225;1.956669922;219.7250061
3.655649954;1.956961304;219.8249969
3.657226684;1.957337646;219.9250031
3.65890516;1.957685913;220.0249939
3.660583636;1.958038574;220.125
3.662262112;1.958448608;220.2250061
3.663940588;1.958828125;220.3249969
3.665669821;1.959262329;220.4250031
3.667450044;1.959664429;220.5249939
3.669179277;1.960075562;220.625
3.670857754;1.960450439;220.7250061
3.672485473;1.960888306;220.8249969
3.674163949;1.961115967;220.9250031
3.675791435;1.961523438;221.0249939
3.677368164;1.961822632;221.125
3.678944893;1.962184326;221.2250061
3.680521855;1.962449951;221.3249969
3.682200098;1.962775513;221.4250031
3.683878575;1.963192993;221.5249939
3.685608041;1.963563599;221.625
3.687337274;1.963951416;221.7250061
3.68906674;1.964322266;221.8249969
3.690795973;1.964756348;221.9250031
3.692576196;1.96519751;222.0249939
3.694254672;1.965586182;222.125
3.695882158;1.965892944;222.2250061
3.697509877;1.966169312;222.3249969
3.699086607;1.966538452;222.4250031
3.700663336;1.966795044;222.5249939
3.702240065;1.967047607;222.625
3.703867784;1.967274048;222.7250061
3.70549527;1.967704834;222.8249969
3.707173746;1.968100098;222.9250031
3.708902979;1.968507813;223.0249939
3.710632445;1.968953857;223.125
3.712412668;1.969276489;223.2250061
3.714141902;1.969726074;223.3249969
3.715820378;1.970053223;223.4250031
3.717448097;1.970392334;223.5249939
3.719126573;1.970752075;223.625
3.720754059;1.971038086;223.7250061
3.722381778;1.971369873;223.8249969
3.723958507;1.971647583;223.9250031
3.725484246;1.971848633;224.0249939
3.727111965;1.972185425;224.125
3.728739452;1.972554321;224.2250061
3.730417928;1.972767212;224.3249969
3.732147394;1.973206909;224.4250031
3.733876627;1.973540283;224.5249939
3.73565685;1.974008301;224.625
3.737386083;1.974418579;224.7250061
3.739115549;1.974729736;224.8249969
3.740794025;1.975194824;224.9250031
3.742421512;1.975531128;225.0249939
3.744049231;1.975861572;225.125
3.745676717;1.976138794;225.2250061
3.747253446;1.976409668;225.3249969
3.748881165;1.976621826;225.4250031
3.750457894;1.977009277;225.5249939
3.75213637;1.977308228;225.625
3.753763856;1.977669678;225.7250061
3.755493322;1.978000244;225.8249969
3.757222556;1.978544434;225.9250031
3.758952022;1.978876465;226.0249939
3.760732012;1.979324341;226.125
3.762410488;1.979706787;226.2250061
3.764088964;1.980008911;226.3249969
3.765716683;1.9803125;226.4250031
3.767293412;1.980538086;226.5249939
3.768920898;1.980838501;226.625
3.770497628;1.981154053;226.7250061
3.77207459;1.981390747;226.8249969
3.773702076;1.981727295;226.9250031
3.775380552;1.982059937;227.0249939
3.777109785;1.982487061;227.125
3.778788261;1.982872192;227.2250061
3.780517727;1.983140381;227.3249969
3.78224696;1.983497681;227.4250031
3.783976426;1.983911987;227.5249939
3.785654902;1.984220093;227.625
3.787333379;1.984594238;227.7250061
3.788960865;1.984885376;227.8249969
3.790639341;1.985227905;227.9250031
3.79221607;1.985458984;228.0249939
3.793742042;1.985735352;228.125
3.795318771;1.985896851;228.2250061
3.7968955;1.986289307;228.3249969
3.798522986;1.986435669;228.4250031
3.800201463;1.986820801;228.5249939
3.801879939;1.987178101;228.625
3.803660162;1.987541016;228.7250061
3.805389395;1.987947754;228.8249969
3.807169618;1.98843811;228.9250031
3.808848094;1.988750244;229.0249939
3.81052657;1.989036987;229.125
3.812205046;1.98938562;229.2250061
3.813832765;1.989717773;229.3249969
3.815460252;1.990046021;229.4250031
3.817036981;1.990280518;229.5249939
3.81861371;1.990453613;229.625
3.820241429;1.990791748;229.7250061
3.821868915;1.991085205;229.8249969
3.823547391;1.991359253;229.9250031
3.825276857;1.99169873;230.0249939
3.82700609;1.992166748;230.125
3.828735556;1.992486206;230.2250061
3.83046479;1.992891846;230.3249969
3.832143266;1.993283691;230.4250031
3.833821742;1.99351123;230.5249939
3.835449228;1.99378418;230.625
3.837076947;1.994067261;230.7250061
3.838704433;1.994403687;230.8249969
3.840281162;1.994662354;230.9250031
3.841908881;1.994962769;231.0249939
3.843536368;1.995237183;231.125
3.845214844;1.995512451;231.2250061
3.84689332;1.995839478;231.3249969
3.848673543;1.996223877;231.4250031
3.850403009;1.996585083;231.5249939
3.852132242;1.996954346;231.625
3.853861708;1.997317017;231.7250061
3.855539951;1.997595703;231.8249969
3.857167671;1.997850952;231.9250031
3.8587444;1.998150269;232.0249939
3.860372119;1.998302734;232.125
3.861948848;1.998587158;232.2250061
3.863474587;1.998776855;232.3249969
3.865051316;1.998904541;232.4250031
3.866679035;1.999238892;232.5249939
3.868306521;1.999432617;232.625
3.869984997;1.99977771;232.7250061
3.871663474;2.000102783;232.8249969
3.873443697;2.000444336;232.9250031
3.87517293;2.000862915;233.0249939
3.876953153;2.001301636;233.125
3.878682619;2.00160083;233.2250061
3.880361095;2.001872192;233.3249969
3.882039571;2.002091064;233.4250031
3.883667057;2.002410278;233.5249939
3.885243786;2.002677612;233.625
3.886820516;2.002881592;233.7250061
3.888448235;2.003102783;233.8249969
3.890075721;2.003341797;233.9250031
3.891754197;2.003714966;234.0249939
3.893432673;2.003978394;234.125
3.895162139;2.004320679;234.2250061
3.896891372;2.004579712;234.3249969
3.898620605;2.004980591;234.4250031
3.900350071;2.005337646;234.5249939
3.902028548;2.005636963;234.625
3.903707024;2.005888916;234.7250061
3.90533451;2.00611084;234.8249969
3.906961996;2.006423462;234.9250031
3.908538725;2.006662476;235.0249939
3.910064697;2.00683252;235.125
3.911692183;2.007079712;235.2250061
3.913320135;2.007442627;235.3249969
3.914998379;2.007695801;235.4250031
3.916677088;2.007976196;235.5249939
3.918406088;2.00839978;235.625
3.920135554;2.008680908;235.7250061
3.921915777;2.009033325;235.8249969
3.923594486;2.009383911;235.9250031
3.925221972;2.009662598;236.0249939
3.926849458;2.009859009;236.125
3.928476945;2.010098877;236.2250061
3.930104896;2.010375244;236.3249969
3.931630403;2.010540894;236.4250031
3.933207132;2.01073938;236.5249939
3.934733104;2.010913452;236.625
3.936309833;2.011132202;236.7250061
3.938039299;2.011430664;236.8249969
3.939717542;2.011774048;236.9250031
3.941447008;2.012112915;237.0249939
3.943227232;2.012533447;237.125
3.944905475;2.01281665;237.2250061
3.946685698;2.013157471;237.3249969
3.948415164;2.013522949;237.4250031
3.950093873;2.013735718;237.5249939
3.951721359;2.014068726;237.625
3.953348845;2.014302124;237.7250061
3.954925574;2.014512695;237.8249969
3.956502303;2.01477002;237.9250031
3.958079033;2.01493042;238.0249939
3.959757742;2.01523877;238.125
3.961435985;2.015584229;238.2250061
3.963165451;2.015891846;238.3249969
3.964945674;2.016288696;238.4250031
3.966725897;2.016599487;238.5249939
3.96840414;2.017000366;238.625
3.970133606;2.017200928;238.7250061
3.97181185;2.017496094;238.8249969
3.973490559;2.017738403;238.9250031
3.975118045;2.018009766;239.0249939
3.976694774;2.018110107;239.125
3.97832226;2.018512573;239.2250061
3.979898989;2.018601807;239.3249969
3.981526941;2.01883606;239.4250031
3.983154427;2.019008057;239.5249939
3.984781913;2.0192948;239.625
3.986460622;2.019513672;239.7250061
3.988138866;2.019941772;239.8249969
3.989868332;2.020211304;239.9250031
3.991648555;2.020623657;240.0249939
3.993378021;2.020867554;240.125
3.995107021;2.021246338;240.2250061
3.99678573;2.021528198;240.3249969
3.998413216;2.021651489;240.4250031
4.000040703;2.0218927;240.5249939
4.001617432;2.022191772;240.625
4.003244918;2.022311768;240.7250061
4.00487287;2.022588257;240.8249969
4.006500356;2.022844727;240.9250031
4.008127842;2.023077271;241.0249939
4.009755328;2.023274658;241.125
4.011484794;2.02360022;241.2250061
4.01321426;2.023826416;241.3249969
4.014994483;2.024218018;241.4250031
4.016672727;2.024506836;241.5249939
4.018351436;2.024809448;241.625
4.020029679;2.024918945;241.7250061
4.021657631;2.025197754;241.8249969
4.02323436;2.025258179;241.9250031
4.024811089;2.025526489;242.0249939
4.026336595;2.025668945;242.125
4.027913325;2.025822388;242.2250061
4.029541276;2.025952271;242.3249969
4.03121952;2.026267944;242.4250031
4.032948986;2.026521362;242.5249939
4.034678452;2.026818848;242.625
4.036458209;2.027205688;242.7250061
4.038238432;2.027585571;242.8249969
4.039967898;2.027943726;242.9250031
4.041697364;2.028146362;243.0249939
4.043375608;2.028417358;243.125
4.045003559;2.02859375;243.2250061
4.046580289;2.028728394;243.3249969
4.048157018;2.028979736;243.4250031
4.049733747;2.029179321;243.5249939
4.051361233;2.029365234;243.625
4.052988719;2.029579956;243.7250061
4.054667428;2.029850464;243.8249969
4.056396428;2.030038818;243.9250031
4.058176652;2.030355469;244.0249939
4.059906118;2.03076355;244.125
4.061635584;2.030997803;244.2250061
4.063313827;2.031243408;244.3249969
4.065043293;2.031496094;244.4250031
4.066721536;2.031691772;244.5249939
4.068298265;2.031902466;244.625
4.069874994;2.032116211;244.7250061
4.071451724;2.032271973;244.8249969
4.073028453;2.032394775;244.9250031
4.074656405;2.032655518;245.0249939
4.076334648;2.032920654;245.125
4.078013357;2.033067017;245.2250061
4.07979358;2.03336792;245.3249969
4.08152258;2.033869873;245.4250031
4.083252046;2.034011841;245.5249939
4.084981512;2.034346191;245.625
4.086710513;2.034553345;245.7250061
4.088389222;2.034828247;245.8249969
4.090016708;2.03506543;245.9250031
4.091593437;2.035199829;246.0249939
4.093220923;2.035380737;246.125
4.094797652;2.035552612;246.2250061
4.096374847;2.035742554;246.3249969
4.098002333;2.035935669;246.4250031
4.099680576;2.036159424;246.5249939
4.101359285;2.036482788;246.625
4.103088286;2.036706543;246.7250061
4.104817752;2.037009155;246.8249969
4.106496461;2.037151978;246.9250031
4.108276684;2.03750415;247.0249939
4.109954927;2.037684814;247.125
4.111633636;2.037951294;247.2250061
4.113311879;2.038161255;247.3249969
4.114888608;2.038350098;247.4250031
4.116465338;2.0384646;247.5249939
4.118042067;2.038539185;247.625
4.119618796;2.038763306;247.7250061
4.121246282;2.038913574;247.8249969
4.122874234;2.039118042;247.9250031
4.124552477;2.039402344;248.0249939
4.126231186;2.039580444;248.125
4.127960186;2.039884644;248.2250061
4.129689652;2.040091187;248.3249969
4.131419118;2.040375122;248.4250031
4.133097362;2.04061853;248.5249939
4.134826828;2.040817749;248.625
4.136454314;2.041027466;248.7250061
4.1380818;2.041185181;248.8249969
4.139607772;2.041399658;248.9250031
4.141133744;2.041428711;249.0249939
4.142710473;2.041536133;249.125
4.144287203;2.04185022;249.2250061
4.145914689;2.041891479;249.3249969
4.147593398;2.042121216;249.4250031
4.149271641;2.042263428;249.5249939
4.151001107;2.042644409;249.625
4.152730573;2.042870605;249.7250061
4.154510796;2.043127808;249.8249969
4.156239796;2.043594604;249.9250031
4.157969262;2.043660156;250.0249939
4.159596749;2.043908325;250.125
4.161224701;2.04396936;250.2250061
4.16280143;2.044267578;250.3249969
4.164428916;2.044248901;250.4250031
4.166005645;2.044451538;250.5249939
4.167582374;2.044534668;250.625
4.16920986;2.044665649;250.7250061
4.170888569;2.044930664;250.8249969
4.17261757;2.045241699;250.9250031
4.174347036;2.045354126;251.0249939
4.176025279;2.045618164;251.125
4.177754745;2.045870117;251.2250061
4.179433454;2.046111694;251.3249969
4.181162454;2.046283936;251.4250031
4.182841163;2.046454834;251.5249939
4.184468649;2.046727173;251.625
4.186045378;2.046882324;251.7250061
4.187622108;2.046938477;251.8249969
4.189249594;2.047180054;251.9250031
4.190826323;2.047245972;252.0249939
4.192403052;2.047506836;252.125
4.194132518;2.047582397;252.2250061
4.195811227;2.047932495;252.3249969
4.197642207;2.048197266;252.4250031
4.19942243;2.048486816;252.5249939
4.201151431;2.048716064;252.625
4.202880897;2.048898438;252.7250061
4.204508383;2.049108643;252.8249969
4.206187092;2.049261963;252.9250031
4.207814578;2.049456299;253.0249939
4.209442064;2.04957959;253.125
4.211018793;2.049638916;253.2250061
4.212595522;2.049783447;253.3249969
4.214172252;2.049933838;253.4250031
4.21585096;2.050087891;253.5249939
4.217580426;2.050388672;253.625
4.219309427;2.050713623;253.7250061
4.221038893;2.050946045;253.8249969
4.222819116;2.0512146;253.9250031
4.224650096;2.05147876;254.0249939
4.226328805;2.051718994;254.125
4.228007048;2.051862061;254.2250061
4.229685757;2.052076904;254.3249969
4.231262486;2.052130859;254.4250031
4.232839216;2.052255859;254.5249939
4.234364722;2.052338379;254.625
4.235890694;2.052441162;254.7250061
4.237518646;2.052624512;254.8249969
4.239146132;2.052665283;254.9250031
4.240875132;2.052974121;255.0249939
4.242655355;2.053106689;255.125
4.244384822;2.053373291;255.2250061
4.246114288;2.053642822;255.3249969
4.247894511;2.053844971;255.4250031
4.249623511;2.054145508;255.5249939
4.25130222;2.05435376;255.625
4.252980463;2.054466797;255.7250061
4.254506435;2.054594482;255.8249969
4.256083164;2.0546875;255.9250031
4.257609136;2.054675049;256.0249939
4.259135108;2.05479126;256.125
4.260762595;2.05495166;256.2250061
4.262390081;2.055085938;256.3250122
4.264018033;2.055269531;256.4249878
4.265747033;2.055283691;256.5249939
4.267476499;2.055680664;256.625
4.269256722;2.055990723;256.7250061
4.270986188;2.056233154;256.8250122
4.272715189;2.056342041;256.9249878
4.274393898;2.056584473;257.0249939
4.276021384;2.05672998;257.125
4.277598113;2.056873291;257.2250061
4.279174842;2.056893555;257.3250122
4.280751571;2.05692627;257.4249878
4.2823283;2.057019287;257.5249939
4.283905029;2.057249512;257.625
4.285583738;2.057321289;257.7250061
4.287312739;2.057601807;257.8250122
4.289042205;2.057758057;257.9249878
4.290771671;2.058025879;258.0249939
4.292449914;2.058142578;258.125
4.294128623;2.058324707;258.2250061
4.295858089;2.058488525;258.3250122
4.297485575;2.058689453;258.4249878
4.299113061;2.058782471;258.5249939
4.300740547;2.058987793;258.625
4.302368499;2.059049072;258.7250061
4.303945228;2.05914624;258.8250122
4.305521958;2.059248535;258.9249878
4.307200201;2.059396484;259.0249939
4.30887891;2.059554688;259.125
4.31060791;2.059714111;259.2250061
4.312388133;2.059970947;259.3250122
4.314117599;2.060106445;259.4249878
4.315897822;2.060254883;259.5249939
4.317678045;2.060412598;259.625
4.319356289;2.060466064;259.7250061
4.321034998;2.060391113;259.8250122
4.322713241;2.058537354;259.9249878
4.331563599;-0.092552765;259.993988
