"Crosshead ";"Load ";"Time "
"mm";"kN";"sec"
"0,00015258790142525";"0,0101493711471558";"0,115000002086163"
"0,00111897793431126";"0,0103863153457642";"0,215000003576279"
"0,00213623047784495";"0,0107879123687744";"0,314999997615814"
"0,00356038412974158";"0,0121138753890991";"0,41499999165535"
"0,00518798833581968";"0,013810884475708";"0,514999985694885"
"0,00681559276927146";"0,0153818368911743";"0,615000009536743"
"0,00839233416627394";"0,017174280166626";"0,714999973773956"
"0,0100708011814277";"0,0188042659759521";"0,814999997615814"
"0,0117492681965814";"0,0205479469299316";"0,915000021457672"
"0,0134785977934371";"0,0220794086456299";"1,01499998569489"
"0,0151062013173942";"0,0238656597137451";"1,11500000953674"
"0,0167846683325479";"0,0255158367156982";"1,2150000333786"
"0,0184631353477016";"0,0271288299560547";"1,31500005722046"
"0,0200907397811534";"0,0286303825378418";"1,41499996185303"
"0,0217692067963071";"0,0303829441070557";"1,51499998569489"
"0,0233459486480569";"0,0318520660400391";"1,61500000953674"
"0,0249735512625193";"0,0332156028747559";"1,7150000333786"
"0,0265502931142692";"0,0349229850769043";"1,81500005722046"
"0,0281778975477209";"0,0364765625";"1,91499996185303"
"0,0298055019811727";"0,0377695159912109";"2,01500010490417"
"0,0314331045956351";"0,0395170631408691";"2,11500000953674"
"0,0330607108480763";"0,0411555290222168";"2,21499991416931"
"0,0347391760442406";"0,0427639083862305";"2,31500005722046"
"0,0363667822966818";"0,0444142799377441";"2,41499996185303"
"0,0380452474928461";"0,0459648399353027";"2,51500010490417"
"0,0397745789086912";"0,047661319732666";"2,61500000953674"
"0,0414530441048555";"0,0492505760192871";"2,71499991416931"
"0,0431823755207006";"0,0509106941223145";"2,81500005722046"
"0,044809978135163";"0,0525072288513184";"2,91499996185303"
"0,0464375843876041";"0,0539997863769531";"3,01500010490417"
"0,0480651870020665";"0,0556335868835449";"3,11500000953674"
"0,0496927896165289";"0,0571656684875488";"3,21499991416931"
"0,0513203958689701";"0,0586125221252441";"3,31500005722046"
"0,0528971359017305";"0,0601553611755371";"3,41499996185303"
"0,0545247421541717";"0,0616321220397949";"3,51500010490417"
"0,0561523447686341";"0,0632411155700684";"3,61500000953674"
"0,0578308136027772";"0,0647455673217773";"3,71499991416931"
"0,0595092787989415";"0,0664042739868164";"3,81500005722046"
"0,0612386065768078";"0,0679803848266602";"3,91499996185303"
"0,0629170754109509";"0,0695968017578125";"4,0149998664856"
"0,0646464031888172";"0,0712473831176758";"4,11499977111816"
"0,0663248720229603";"0,0726799697875977";"4,21500015258789"
"0,0679524746374227";"0,074278076171875";"4,31500005722046"
"0,0696309434715658";"0,0758330993652344";"4,41499996185303"
"0,0712585460860282";"0,0773837051391602";"4,5149998664856"
"0,0728352897567675";"0,0788653182983398";"4,61499977111816"
"0,0744628923712298";"0,08031005859375";"4,71500015258789"
"0,0760396360419691";"0,0818478927612305";"4,81500005722046"
"0,0776672386564314";"0,0834025115966797";"4,91499996185303"
"0,0793457074905746";"0,0848629150390625";"5,0149998664856"
"0,0809733101050369";"0,0864278564453125";"5,11499977111816"
"0,0826517789391801";"0,0879635009765625";"5,21500015258789"
"0,0842793815536425";"0,0895168838500977";"5,31500005722046"
"0,0859578503877856";"0,0910790328979492";"5,41499996185303"
"0,0876363119459711";"0,0926153259277344";"5,5149998664856"
"0,0893147807801142";"0,0941454544067383";"5,61499977111816"
"0,0909932496142574";"0,0957448425292969";"5,71500015258789"
"0,0926717111724429";"0,097271354675293";"5,81500005722046"
"0,094350180006586";"0,0987669219970703";"5,91499996185303"
"0,0959777826210484";"0,100248710632324";"6,0149998664856"
"0,0976053925114684";"0,101805862426758";"6,11499977111816"
"0,0992329951259308";"0,103182975769043";"6,21500015258789"
"0,100860597740393";"0,104824691772461";"6,31500005722046"
"0,102488200354856";"0,106260375976563";"6,41499996185303"
"0,104166669188999";"0,107839553833008";"6,5149998664856"
"0,105794271803461";"0,109376152038574";"6,61499977111816"
"0,107523599581327";"0,110880912780762";"6,71500015258789"
"0,10920206841547";"0,112458656311035";"6,81500005722046"
"0,110931396193337";"0,114095581054688";"6,91499996185303"
"0,11260986502748";"0,115568176269531";"7,0149998664856"
"0,114237467641942";"0,117043121337891";"7,11499977111816"
"0,115915936476085";"0,118633934020996";"7,21500015258789"
"0,117543539090548";"0,119998481750488";"7,31500005722046"
"0,119171148980968";"0,12147932434082";"7,41499996185303"
"0,120747885375749";"0,122767951965332";"7,5149998664856"
"0,122375495266169";"0,124458877563477";"7,61499977111816"
"0,124053956824355";"0,125903938293457";"7,71500015258789"
"0,125681559438817";"0,127402198791504";"7,81500005722046"
"0,127360035548918";"0,128969665527344";"7,91499996185303"
"0,129038497107103";"0,130448699951172";"8,01500034332275"
"0,130767832160927";"0,13194660949707";"8,11499977111816"
"0,132446293719113";"0,133545440673828";"8,21500015258789"
"0,134175628772937";"0,135024322509766";"8,3149995803833"
"0,135854090331122";"0,136551330566406";"8,41499996185303"
"0,137532551889308";"0,138077438354492";"8,51500034332275"
"0,139211027999409";"0,139418548583984";"8,61499977111816"
"0,140838630613871";"0,140899597167969";"8,71500015258789"
"0,142466233228333";"0,142261611938477";"8,8149995803833"
"0,144093835842796";"0,143771835327148";"8,91499996185303"
"0,145670579513535";"0,145160110473633";"9,01500034332275"
"0,147298182127997";"0,146509231567383";"9,11499977111816"
"0,14892578474246";"0,14793830871582";"9,21500015258789"
"0,150604246300645";"0,149375503540039";"9,3149995803833"
"0,152282722410746";"0,150784622192383";"9,41499996185303"
"0,153910325025208";"0,152259963989258";"9,51500034332275"
"0,155639645527117";"0,153714202880859";"9,61499977111816"
"0,157318121637218";"0,155100204467773";"9,71500015258789"
"0,159098315634765";"0,156652252197266";"9,8149995803833"
"0,16077677719295";"0,158100357055664";"9,91499996185303"
"0,162455238751136";"0,159450973510742";"10,0150003433228"
"0,164082855917513";"0,160860427856445";"10,1149997711182"
"0,165710458531976";"0,162265121459961";"10,2150001525879"
"0,167287202202715";"0,163612899780273";"10,3149995803833"
"0,168914804817177";"0,164996612548828";"10,414999961853"
"0,17054240743164";"0,166323364257813";"10,5150003433228"
"0,172220868989825";"0,167676559448242";"10,6149997711182"
"0,173899330548011";"0,169146347045898";"10,7150001525879"
"0,175577806658112";"0,170602798461914";"10,8149995803833"
"0,177256268216297";"0,172011352539063";"10,914999961853"
"0,178985603270121";"0,173447296142578";"11,0150003433228"
"0,180664064828306";"0,174852478027344";"11,1149997711182"
"0,18239339988213";"0,17629541015625";"11,2150001525879"
"0,184071861440316";"0,177815551757813";"11,3149995803833"
"0,185750337550417";"0,17918928527832";"11,414999961853"
"0,187428799108602";"0,180538970947266";"11,5150003433228"
"0,189005542779341";"0,181916442871094";"11,6149997711182"
"0,190633145393804";"0,183234786987305";"11,7150001525879"
"0,192260748008266";"0,184657867431641";"11,8149995803833"
"0,193888350622728";"0,186009506225586";"11,914999961853"
"0,195566812180914";"0,187393508911133";"12,0150003433228"
"0,197296147234738";"0,188821228027344";"12,1149997711182"
"0,198974608792923";"0,190323211669922";"12,2150001525879"
"0,200703943846747";"0,191820190429688";"12,3149995803833"
"0,202433278900571";"0,193177154541016";"12,414999961853"
"0,204111740458757";"0,194708648681641";"12,5150003433228"
"0,205790202016942";"0,196105895996094";"12,6149997711182"
"0,207468678127043";"0,197375366210938";"12,7150001525879"
"0,209147139685228";"0,198818771362305";"12,8149995803833"
"0,210774742299691";"0,200189071655273";"12,914999961853"
"0,212402344914153";"0,201489410400391";"13,0150003433228"
"0,214029947528616";"0,202823928833008";"13,1149997711182"
"0,215606691199355";"0,204228134155273";"13,2150001525879"
"0,217234293813817";"0,205497177124023";"13,3149995803833"
"0,218912769923918";"0,207005310058594";"13,414999961853"
"0,220591231482103";"0,208293762207031";"13,5150003433228"
"0,222269693040289";"0,209638198852539";"13,6149997711182"
"0,223999028094113";"0,211095306396484";"13,7150001525879"
"0,225728363147937";"0,212542144775391";"13,8149995803833"
"0,227457683649845";"0,213961395263672";"13,914999961853"
"0,229136159759946";"0,21548030090332";"14,0150003433228"
"0,230814621318132";"0,216744781494141";"14,1149997711182"
"0,232493082876317";"0,218033081054688";"14,2150001525879"
"0,234120700042695";"0,219534973144531";"14,3149995803833"
"0,235697429161519";"0,220843643188477";"14,414999961853"
"0,237325031775981";"0,22216960144043";"14,5150003433228"
"0,238952648942359";"0,223641357421875";"14,6149997711182"
"0,240631110500544";"0,224986434936523";"14,7150001525879"
"0,242258713115007";"0,226309280395508";"14,8149995803833"
"0,243937174673192";"0,227746231079102";"14,914999961853"
"0,245666509727016";"0,229205352783203";"15,0150003433228"
"0,247344985837117";"0,230585327148438";"15,1149997711182"
"0,249074306339026";"0,232048858642578";"15,2150001525879"
"0,250803626840934";"0,233478485107422";"15,3149995803833"
"0,252482102951035";"0,234876815795898";"15,414999961853"
"0,254211423452944";"0,236232131958008";"15,5150003433228"
"0,255839026067406";"0,237667236328125";"15,6149997711182"
"0,257466628681868";"0,238922958374023";"15,7150001525879"
"0,259043386904523";"0,2403076171875";"15,8149995803833"
"0,260670989518985";"0,241547409057617";"15,914999961853"
"0,262298592133448";"0,24291032409668";"16,0149993896484"
"0,26392619474791";"0,243961013793945";"16,1149997711182"
"0,265553797362372";"0,245580307006836";"16,2150001525879"
"0,267283117864281";"0,246960800170898";"16,3150005340576"
"0,268961593974382";"0,24843408203125";"16,4150009155273"
"0,270640070084482";"0,249840087890625";"16,5149993896484"
"0,272318517090753";"0,251190460205078";"16,6149997711182"
"0,273996993200853";"0,252457504272461";"16,7150001525879"
"0,275675469310954";"0,253843475341797";"16,8150005340576"
"0,277353916317225";"0,255247741699219";"16,9150009155273"
"0,278981548035517";"0,256657379150391";"17,0149993896484"
"0,280659995041788";"0,258285034179688";"17,1149997711182"
"0,28228759765625";"0,259296905517578";"17,2150001525879"
"0,283915200270712";"0,260636047363281";"17,3150005340576"
"0,285542802885175";"0,262019195556641";"17,4150009155273"
"0,287170405499637";"0,2633935546875";"17,5149993896484"
"0,288848881609738";"0,264660430908203";"17,6149997711182"
"0,290527357719839";"0,266028472900391";"17,7150001525879"
"0,292205804726109";"0,267399291992188";"17,8150005340576"
"0,293935154331848";"0,268829559326172";"17,9150009155273"
"0,295664474833757";"0,270213775634766";"18,0149993896484"
"0,297393795335665";"0,271592803955078";"18,1149997711182"
"0,299072271445766";"0,272970062255859";"18,2150001525879"
"0,300750747555867";"0,274295227050781";"18,3150005340576"
"0,302378350170329";"0,275598022460938";"18,4150009155273"
"0,304005952784792";"0,276908264160156";"18,5149993896484"
"0,305633555399254";"0,278198364257813";"18,6149997711182"
"0,307261158013716";"0,279536773681641";"18,7150001525879"
"0,308888760628179";"0,280802337646484";"18,8150005340576"
"0,310516363242641";"0,282178955078125";"18,9150009155273"
"0,312194839352742";"0,283492614746094";"19,0149993896484"
"0,313873286359012";"0,284856079101563";"19,1149997711182"
"0,315551762469113";"0,286278747558594";"19,2150001525879"
"0,317230238579214";"0,287616485595703";"19,3150005340576"
"0,318908685585484";"0,288844085693359";"19,4150009155273"
"0,320587161695585";"0,290242279052734";"19,5149993896484"
"0,322316482197493";"0,291655059814453";"19,6149997711182"
"0,323994958307594";"0,293004638671875";"19,7150001525879"
"0,325622560922056";"0,294334777832031";"19,8150005340576"
"0,327250163536519";"0,295547698974609";"19,9150009155273"
"0,328877766150981";"0,297006164550781";"20,0149993896484"
"0,330505368765444";"0,298225769042969";"20,1149997711182"
"0,332132971379906";"0,299558013916016";"20,2150001525879"
"0,333811447490007";"0,300790771484375";"20,3150005340576"
"0,335439050104469";"0,302203552246094";"20,4150009155273"
"0,337168370606378";"0,3034951171875";"20,5149993896484"
"0,338897720212117";"0,304752044677734";"20,6149997711182"
"0,340627040714026";"0,306263610839844";"20,7150001525879"
"0,342305516824126";"0,307693908691406";"20,8150005340576"
"0,343983963830397";"0,308961334228516";"20,9150009155273"
"0,345611595548689";"0,310266052246094";"21,0149993896484"
"0,347239198163152";"0,311620910644531";"21,1149997711182"
"0,348917645169422";"0,312777496337891";"21,2150001525879"
"0,350545247783884";"0,314051879882813";"21,3150005340576"
"0,352122006006539";"0,315408477783203";"21,4150009155273"
"0,353749608621001";"0,316710510253906";"21,5149993896484"
"0,355377211235464";"0,317995880126953";"21,6149997711182"
"0,357004813849926";"0,319299163818359";"21,7150001525879"
"0,358683289960027";"0,320563018798828";"21,8150005340576"
"0,360361736966297";"0,321928131103516";"21,9150009155273"
"0,362040213076398";"0,323208831787109";"22,0149993896484"
"0,363718689186499";"0,3245615234375";"22,1149997711182"
"0,365448009688407";"0,325916870117188";"22,2150001525879"
"0,367177330190316";"0,327261199951172";"22,3150005340576"
"0,368855806300417";"0,328548461914063";"22,4150009155273"
"0,370534282410517";"0,329888977050781";"22,5149993896484"
"0,372212729416788";"0,331219360351563";"22,6149997711182"
"0,37384033203125";"0,332438110351563";"22,7150001525879"
"0,375467934645712";"0,333627807617188";"22,8150005340576"
"0,377044692868367";"0,334912872314453";"22,9150009155273"
"0,378723168978468";"0,336269744873047";"23,0149993896484"
"0,380401615984738";"0,337464874267578";"23,1149997711182"
"0,382080092094839";"0,338821563720703";"23,2150001525879"
"0,383758568204939";"0,340132843017578";"23,3150005340576"
"0,385487888706848";"0,341444458007813";"23,4150009155273"
"0,387166364816949";"0,342814575195313";"23,5149993896484"
"0,388895685318857";"0,344194488525391";"23,6149997711182"
"0,390574161428958";"0,345489562988281";"23,7150001525879"
"0,392252608435228";"0,346750701904297";"23,8150005340576"
"0,393931084545329";"0,348045318603516";"23,9150009155273"
"0,395558687159792";"0,349271789550781";"24,0149993896484"
"0,397186289774254";"0,350482513427734";"24,1149997711182"
"0,398813892388716";"0,351744842529297";"24,2150001525879"
"0,40039062150754";"0,352964965820313";"24,3150005340576"
"0,402018253225833";"0,35422900390625";"24,4150009155273"
"0,403645855840296";"0,355502075195313";"24,5149993896484"
"0,405324302846566";"0,356806915283203";"24,6149997711182"
"0,407002778956667";"0,358008270263672";"24,7150001525879"
"0,408732099458575";"0,359413330078125";"24,8150005340576"
"0,410461449064314";"0,360788146972656";"24,9150009155273"
"0,412190769566223";"0,362085174560547";"25,0149993896484"
"0,413869245676324";"0,363391448974609";"25,1149997711182"
"0,415547692682594";"0,364704223632813";"25,2150001525879"
"0,417226168792695";"0,366138336181641";"25,3150005340576"
"0,418853771407157";"0,367291687011719";"25,4150009155273"
"0,420532247517258";"0,368515563964844";"25,5149993896484"
"0,42215985013172";"0,369798461914063";"25,6149997711182"
"0,423736579250544";"0,371047882080078";"25,7150001525879"
"0,425364181865007";"0,372289276123047";"25,8150005340576"
"0,427042657975107";"0,373452728271484";"25,9150009155273"
"0,42867026058957";"0,374794799804688";"26,0149993896484"
"0,430348736699671";"0,376095764160156";"26,1149997711182"
"0,432078057201579";"0,37739501953125";"26,2150001525879"
"0,43375653331168";"0,378694976806641";"26,3150005340576"
"0,43543498031795";"0,380032135009766";"26,4150009155273"
"0,437113456428051";"0,381281616210938";"26,5149993896484"
"0,43884277692996";"0,382629058837891";"26,6149997711182"
"0,44052125304006";"0,3838994140625";"26,7150001525879"
"0,442148855654523";"0,385184906005859";"26,8150005340576"
"0,443725584773347";"0,386349487304688";"26,9150009155273"
"0,445353187387809";"0,387565277099609";"27,0149993896484"
"0,446980819106102";"0,388872863769531";"27,1149997711182"
"0,448608421720564";"0,390092864990234";"27,2150001525879"
"0,450286868726835";"0,391347412109375";"27,3150005340576"
"0,451914471341297";"0,392588409423828";"27,4150009155273"
"0,453592947451398";"0,393796295166016";"27,5149993896484"
"0,455322267953306";"0,395109649658203";"27,6149997711182"
"0,457000744063407";"0,396362731933594";"27,7150001525879"
"0,458679220173508";"0,397741882324219";"27,8150005340576"
"0,460357667179778";"0,398987884521484";"27,9150009155273"
"0,462036143289879";"0,400202545166016";"28,0149993896484"
"0,463663745904341";"0,401442260742188";"28,1149997711182"
"0,465291348518804";"0,402615356445313";"28,2150001525879"
"0,466918951133266";"0,403871673583984";"28,3150005340576"
"0,468546553747728";"0,405160675048828";"28,4150009155273"
"0,470174156362191";"0,406363525390625";"28,5149993896484"
"0,471801758976653";"0,407537139892578";"28,6149997711182"
"0,473480235086754";"0,408871643066406";"28,7150001525879"
"0,475209555588663";"0,410090728759766";"28,8150005340576"
"0,476888031698763";"0,411415832519531";"28,9150009155273"
"0,478566507808864";"0,412673980712891";"29,0149993896484"
"0,480295828310773";"0,414055084228516";"29,1149997711182"
"0,482025148812681";"0,415220275878906";"29,2150001525879"
"0,483754498418421";"0,416592437744141";"29,3150005340576"
"0,485432945424691";"0,417839294433594";"29,4150009155273"
"0,487111421534792";"0,4190439453125";"29,5149993896484"
"0,488688179757446";"0,420208557128906";"29,6149997711182"
"0,490315782371908";"0,421458679199219";"29,7150001525879"
"0,491892511490732";"0,422602386474609";"29,8150005340576"
"0,493469240609556";"0,423858154296875";"29,9150009155273"
"0,495096843224019";"0,424961456298828";"30,0149993896484"
"0,49677531933412";"0,426198425292969";"30,1149997711182"
"0,49845379544422";"0,427442230224609";"30,2150001525879"
"0,500132271554321";"0,428779632568359";"30,3150005340576"
"0,501810747664422";"0,429981353759766";"30,4150009155273"
"0,503489165566862";"0,431289855957031";"30,5149993896484"
"0,505218515172601";"0,432545349121094";"30,6149997711182"
"0,506896991282701";"0,433750885009766";"30,7150001525879"
"0,508575467392802";"0,435152496337891";"30,8150005340576"
"0,510253943502903";"0,436361999511719";"30,9150009155273"
"0,511932361405343";"0,437548736572266";"31,0149993896484"
"0,513559964019805";"0,438759490966797";"31,1149997711182"
"0,515187566634268";"0,439977874755859";"31,2150001525879"
"0,516764353960752";"0,441123199462891";"31,3150005340576"
"0,518442830070853";"0,442365692138672";"31,4150009155273"
"0,520121247973293";"0,443622955322266";"31,5149993896484"
"0,521850597579032";"0,444859008789063";"31,6149997711182"
"0,523579947184771";"0,446223785400391";"31,7150001525879"
"0,52530923858285";"0,447457763671875";"31,8150005340576"
"0,52698771469295";"0,448715057373047";"31,9150009155273"
"0,528666190803051";"0,450066467285156";"32,0149993896484"
"0,530344666913152";"0,451275543212891";"32,1150016784668"
"0,532023143023252";"0,45257568359375";"32,2150001525879"
"0,533701619133353";"0,453701629638672";"32,314998626709"
"0,535329221747816";"0,454923919677734";"32,4150009155273"
"0,536956824362278";"0,456156677246094";"32,5149993896484"
"0,53858442697674";"0,457381896972656";"32,6150016784668"
"0,540212029591203";"0,458536254882813";"32,7150001525879"
"0,541839632205665";"0,459761871337891";"32,814998626709"
"0,543518108315766";"0,460896362304688";"32,9150009155273"
"0,545196526218206";"0,462114013671875";"33,0149993896484"
"0,546824128832668";"0,463357055664063";"33,1150016784668"
"0,548553478438407";"0,464574798583984";"33,2150001525879"
"0,55018108105287";"0,465774841308594";"33,314998626709"
"0,55185955716297";"0,466984100341797";"33,4150009155273"
"0,553588906768709";"0,468150390625";"33,5149993896484"
"0,555267324671149";"0,469476531982422";"33,6150016784668"
"0,556894927285612";"0,470646850585938";"33,7150001525879"
"0,558522529900074";"0,471861724853516";"33,814998626709"
"0,560201006010175";"0,473137664794922";"33,9150009155273"
"0,561828608624637";"0,474322204589844";"34,0149993896484"
"0,563405395951122";"0,475485229492188";"34,1150016784668"
"0,565032998565584";"0,476660888671875";"34,2150001525879"
"0,566711416468024";"0,477910491943359";"34,314998626709"
"0,568389892578125";"0,479144866943359";"34,4150009155273"
"0,570068368688226";"0,480412780761719";"34,5149993896484"
"0,571797718293965";"0,481656677246094";"34,6150016784668"
"0,573476194404066";"0,482983673095703";"34,7150001525879"
"0,575154612306505";"0,484133605957031";"34,814998626709"
"0,576833088416606";"0,485430969238281";"34,9150009155273"
"0,578511564526707";"0,486600952148438";"35,0149993896484"
"0,580190040636808";"0,487717071533203";"35,1150016784668"
"0,58181764325127";"0,489055847167969";"35,2150001525879"
"0,583445245865732";"0,490175018310547";"35,314998626709"
"0,585072848480195";"0,491353668212891";"35,4150009155273"
"0,586700451094657";"0,492551361083984";"35,5149993896484"
"0,58832805370912";"0,493683258056641";"35,6150016784668"
"0,59000652981922";"0,494982330322266";"35,7150001525879"
"0,591685005929321";"0,496269989013672";"35,814998626709"
"0,593363482039422";"0,497491821289063";"35,9150009155273"
"0,595041899941862";"0,498676696777344";"36,0149993896484"
"0,596822123043239";"0,499925903320313";"36,1150016784668"
"0,598551472648978";"0,501233551025391";"36,2150001525879"
"0,600229890551418";"0,502434997558594";"36,314998626709"
"0,601908366661519";"0,503581146240234";"36,4150009155273"
"0,603535969275981";"0,504758544921875";"36,5149993896484"
"0,605163571890444";"0,505971160888672";"36,6150016784668"
"0,606740359216928";"0,50706689453125";"36,7150001525879"
"0,608367961831391";"0,508245544433594";"36,814998626709"
"0,609995564445853";"0,509387268066406";"36,9150009155273"
"0,611623167060316";"0,510548889160156";"37,0149993896484"
"0,613301584962755";"0,511703735351563";"37,1150016784668"
"0,614980061072856";"0,512950561523438";"37,2150001525879"
"0,616658537182957";"0,514168212890625";"37,314998626709"
"0,618387886788696";"0,515380004882813";"37,4150009155273"
"0,620066362898797";"0,516666687011719";"37,5149993896484"
"0,621744780801237";"0,517773742675781";"37,6150016784668"
"0,623423256911337";"0,519090393066406";"37,7150001525879"
"0,625101733021438";"0,520247985839844";"37,814998626709"
"0,626780209131539";"0,521519714355469";"37,9150009155273"
"0,628407811746001";"0,52266552734375";"38,0149993896484"
"0,630035414360464";"0,523833251953125";"38,1150016784668"
"0,631612143479288";"0,524926513671875";"38,2150001525879"
"0,63323974609375";"0,526136108398438";"38,314998626709"
"0,634918222203851";"0,527213500976563";"38,4150009155273"
"0,636596698313951";"0,528474914550781";"38,5149993896484"
"0,638275174424052";"0,529694763183594";"38,6150016784668"
"0,639953650534153";"0,530818603515625";"38,7150001525879"
"0,641632068436593";"0,53207275390625";"38,814998626709"
"0,643361418042332";"0,533299072265625";"38,9150009155273"
"0,645039894152433";"0,534471252441406";"39,0149993896484"
"0,646718370262533";"0,5356328125";"39,1150016784668"
"0,648345972876996";"0,536787902832031";"39,2150001525879"
"0,650024448987097";"0,537975769042969";"39,314998626709"
"0,651601178105921";"0,539141967773438";"39,4150009155273"
"0,653228780720383";"0,540120849609375";"39,5149993896484"
"0,654856383334845";"0,541342346191406";"39,6150016784668"
"0,656483985949308";"0,542442749023438";"39,7150001525879"
"0,65811158856377";"0,543794860839844";"39,814998626709"
"0,659790064673871";"0,544922668457031";"39,9150009155273"
"0,66151941427961";"0,546192504882813";"40,0149993896484"
"0,66319783218205";"0,54734375";"40,1150016784668"
"0,664927181787789";"0,548685913085938";"40,2150001525879"
"0,666656531393528";"0,549838745117188";"40,314998626709"
"0,668436696287245";"0,551111328125";"40,4150009155273"
"0,670115172397345";"0,552285766601563";"40,5149993896484"
"0,671793648507446";"0,553426879882813";"40,6150016784668"
"0,673421251121908";"0,554578430175781";"40,7150001525879"
"0,674997980240732";"0,555663330078125";"40,814998626709"
"0,676625582855195";"0,556811767578125";"40,9150009155273"
"0,678202311974019";"0,557861755371094";"41,0149993896484"
"0,67988078808412";"0,559068664550781";"41,1150016784668"
"0,681508390698582";"0,560223693847656";"41,2150001525879"
"0,683186866808683";"0,561411376953125";"41,314998626709"
"0,684865342918783";"0,562480651855469";"41,4150009155273"
"0,686543819028884";"0,563772155761719";"41,5149993896484"
"0,688222295138985";"0,564867858886719";"41,6150016784668"
"0,689900713041425";"0,566224609375";"41,7150001525879"
"0,691630062647164";"0,567217041015625";"41,814998626709"
"0,693308538757265";"0,568469482421875";"41,9150009155273"
"0,694936141371727";"0,56960693359375";"42,0149993896484"
"0,696563743986189";"0,570808410644531";"42,1150016784668"
"0,698191346600652";"0,571843322753906";"42,2150001525879"
"0,699818949215114";"0,573047485351563";"42,314998626709"
"0,701446551829576";"0,574034057617188";"42,4150009155273"
"0,703074154444039";"0,575193176269531";"42,5149993896484"
"0,704701757058501";"0,576322387695313";"42,6150016784668"
"0,706380233168602";"0,57753857421875";"42,7150001525879"
"0,708058709278703";"0,578618347167969";"42,814998626709"
"0,709737185388803";"0,579877746582031";"42,9150009155273"
"0,711466476786882";"0,5809384765625";"43,0149993896484"
"0,713246699888259";"0,582266235351563";"43,1150016784668"
"0,71492517599836";"0,583433837890625";"43,2150001525879"
"0,7166035939008";"0,584601989746094";"43,314998626709"
"0,718282070010901";"0,585739807128906";"43,4150009155273"
"0,719909672625363";"0,586931457519531";"43,5149993896484"
"0,721537275239825";"0,587904968261719";"43,6150016784668"
"0,723114004358649";"0,589088500976563";"43,7150001525879"
"0,724741665180773";"0,590177307128906";"43,814998626709"
"0,726369267795235";"0,591321716308594";"43,9150009155273"
"0,727996870409697";"0,592508850097656";"44,0149993896484"
"0,729675288312137";"0,593652160644531";"44,1150016784668"
"0,7313028909266";"0,594805786132813";"44,2150001525879"
"0,7329813670367";"0,595966735839844";"44,314998626709"
"0,734659843146801";"0,597123046875";"44,4150009155273"
"0,73638919275254";"0,598284851074219";"44,5149993896484"
"0,738067668862641";"0,599482849121094";"44,6150016784668"
"0,739746086765081";"0,600586303710938";"44,7150001525879"
"0,741373689379543";"0,60172509765625";"44,814998626709"
"0,743052165489644";"0,602868041992188";"44,9150009155273"
"0,744628952816129";"0,603961486816406";"45,0149993896484"
"0,746256555430591";"0,605010986328125";"45,1150016784668"
"0,747884158045053";"0,606130981445313";"45,2150001525879"
"0,749511760659516";"0,607246704101563";"45,314998626709"
"0,751139363273978";"0,608351989746094";"45,4150009155273"
"0,752817781176418";"0,609514953613281";"45,5149993896484"
"0,754547130782157";"0,610674072265625";"45,6150016784668"
"0,756225606892258";"0,611885803222656";"45,7150001525879"
"0,757954956497997";"0,613002868652344";"45,814998626709"
"0,759684247896075";"0,614147155761719";"45,9150009155273"
"0,761362724006176";"0,615315673828125";"46,0149993896484"
"0,763092073611915";"0,616562805175781";"46,1150016784668"
"0,764719676226377";"0,617699279785156";"46,2150001525879"
"0,76634727884084";"0,618696716308594";"46,314998626709"
"0,767974881455302";"0,619779724121094";"46,4150009155273"
"0,769602484069765";"0,620907775878906";"46,5149993896484"
"0,771179213188589";"0,621996154785156";"46,6150016784668"
"0,772806815803051";"0,622993530273438";"46,7150001525879"
"0,774434418417513";"0,624113952636719";"46,814998626709"
"0,776112894527614";"0,625195739746094";"46,9150009155273"
"0,777791370637715";"0,626375122070313";"47,0149993896484"
"0,779418973252177";"0,627426086425781";"47,1150016784668"
"0,781148322857916";"0,628675659179688";"47,2150001525879"
"0,782826740760356";"0,629706420898438";"47,314998626709"
"0,784505216870457";"0,630877990722656";"47,4150009155273"
"0,786183692980558";"0,631983947753906";"47,5149993896484"
"0,787862169090658";"0,633255798339844";"47,6150016784668"
"0,789540645200759";"0,63426171875";"47,7150001525879"
"0,791168247815222";"0,635339416503906";"47,814998626709"
"0,792846723925322";"0,636513916015625";"47,9150009155273"
"0,794474326539785";"0,637600769042969";"48,0149993896484"
"0,796152744442225";"0,638678161621094";"48,1150016784668"
"0,797831220552325";"0,639904724121094";"48,2150001525879"
"0,799509696662426";"0,640988159179688";"48,314998626709"
"0,801188172772527";"0,642090881347656";"48,4150009155273"
"0,802917522378266";"0,643363159179688";"48,5149993896484"
"0,804646813776344";"0,644365539550781";"48,6150016784668"
"0,806325289886445";"0,645530639648438";"48,7150001525879"
"0,808003765996546";"0,646652221679688";"48,814998626709"
"0,809682242106646";"0,647783386230469";"48,9150009155273"
"0,811309844721109";"0,648819763183594";"49,0149993896484"
"0,812937447335571";"0,649881103515625";"49,1150016784668"
"0,814565049950033";"0,65099609375";"49,2150001525879"
"0,816192652564496";"0,652089416503906";"49,314998626709"
"0,817820255178958";"0,653138793945313";"49,4150009155273"
"0,819447857793421";"0,654134887695313";"49,5149993896484"
"0,821075460407883";"0,655297546386719";"49,6150016784668"
"0,822703063022345";"0,656409362792969";"49,7150001525879"
"0,824381539132446";"0,657513549804688";"49,814998626709"
"0,826110888738185";"0,658635620117188";"49,9150009155273"
"0,827840180136263";"0,659860168457031";"50,0149993896484"
"0,829569529742002";"0,660866943359375";"50,1150016784668"
"0,831298821140081";"0,662097290039063";"50,2150001525879"
"0,832926481962204";"0,663194396972656";"50,314998626709"
"0,834604899864644";"0,664315490722656";"50,4150009155273"
"0,836232502479106";"0,665315246582031";"50,5149993896484"
"0,837860105093569";"0,666398376464844";"50,6150016784668"
"0,839487707708031";"0,667474548339844";"50,7150001525879"
"0,841115310322493";"0,668489807128906";"50,814998626709"
"0,842742971144617";"0,669611755371094";"50,9150009155273"
"0,844370573759079";"0,670626770019531";"51,0149993896484"
"0,846048991661519";"0,671742309570313";"51,1150016784668"
"0,84772746777162";"0,672940490722656";"51,2150001525879"
"0,849456817377359";"0,674086608886719";"51,314998626709"
"0,851186166983098";"0,675218566894531";"51,4150009155273"
"0,852864584885538";"0,676349304199219";"51,5149993896484"
"0,854593934491277";"0,677546630859375";"51,6150016784668"
"0,856272410601377";"0,678613891601563";"51,7150001525879"
"0,85790001321584";"0,679705444335938";"51,814998626709"
"0,859527615830302";"0,680774780273438";"51,9150009155273"
"0,861104344949126";"0,681813049316406";"52,0149993896484"
"0,862731947563589";"0,682873779296875";"52,1150016784668"
"0,864308676682413";"0,683972412109375";"52,2150001525879"
"0,865987152792513";"0,685099853515625";"52,314998626709"
"0,867614755406976";"0,686183654785156";"52,4150009155273"
"0,869344105012715";"0,687374755859375";"52,5149993896484"
"0,871073454618454";"0,688577697753906";"52,6150016784668"
"0,872802746016532";"0,689729797363281";"52,7150001525879"
"0,874532095622271";"0,690919250488281";"52,814998626709"
"0,876210571732372";"0,692030456542969";"52,9150009155273"
"0,877889047842473";"0,693201171875";"53,0149993896484"
"0,879567465744913";"0,6943837890625";"53,1150016784668"
"0,881245941855013";"0,695404602050781";"53,2150001525879"
"0,882873544469476";"0,696521057128906";"53,314998626709"
"0,884501147083938";"0,697600708007813";"53,4150009155273"
"0,886128749698401";"0,698657592773438";"53,5149993896484"
"0,887705537024885";"0,699735656738281";"53,6150016784668"
"0,889333139639348";"0,700900695800781";"53,7150001525879"
"0,891011557541788";"0,702011474609375";"53,814998626709"
"0,89263916015625";"0,703091857910156";"53,9150009155273"
"0,894317636266351";"0,704163818359375";"54,0149993896484"
"0,89604698587209";"0,705420959472656";"54,1150016784668"
"0,897776335477829";"0,7066103515625";"54,2150001525879"
"0,899505626875907";"0,707813720703125";"54,314998626709"
"0,901184102986008";"0,708923645019531";"54,4150009155273"
"0,902913452591747";"0,709992736816406";"54,5149993896484"
"0,904541055206209";"0,711136169433594";"54,6150016784668"
"0,906168657820672";"0,712215026855469";"54,7150001525879"
"0,907796260435134";"0,713303039550781";"54,814998626709"
"0,909423863049597";"0,714399353027344";"54,9150009155273"
"0,911051465664059";"0,71538720703125";"55,0149993896484"
"0,912679068278521";"0,71656494140625";"55,1150016784668"
"0,914357544388622";"0,717716247558594";"55,2150001525879"
"0,916036020498723";"0,718774047851563";"55,314998626709"
"0,917663623113185";"0,719885681152344";"55,4150009155273"
"0,919342041015625";"0,721058715820313";"55,5149993896484"
"0,921071390621364";"0,722156188964844";"55,6150016784668"
"0,922800740227103";"0,723307067871094";"55,7150001525879"
"0,924479216337204";"0,724486022949219";"55,814998626709"
"0,926157634239644";"0,725623779296875";"55,9150009155273"
"0,927785236854106";"0,726691711425781";"56,0149993896484"
"0,929412839468569";"0,727724609375";"56,1150016784668"
"0,931040442083031";"0,72884765625";"56,2150001525879"
"0,932617229409516";"0,729849182128906";"56,314998626709"
"0,934244832023978";"0,730878234863281";"56,4150009155273"
"0,935923308134079";"0,732049865722656";"56,5149993896484"
"0,937601726036519";"0,733118774414063";"56,6150016784668"
"0,93928020214662";"0,734226135253906";"56,7150001525879"
"0,941009551752359";"0,735413208007813";"56,814998626709"
"0,942738901358098";"0,736482788085938";"56,9150009155273"
"0,944468192756176";"0,737630249023438";"57,0149993896484"
"0,946146668866277";"0,738758850097656";"57,1150016784668"
"0,947876018472016";"0,739939819335938";"57,2150001525879"
"0,949503621086478";"0,740918701171875";"57,314998626709"
"0,951131223700941";"0,742090881347656";"57,4150009155273"
"0,952809699811041";"0,743043029785156";"57,5149993896484"
"0,954386428929865";"0,744096984863281";"57,6150016784668"
"0,955963158048689";"0,74514208984375";"57,7150001525879"
"0,957590760663152";"0,746154113769531";"57,814998626709"
"0,959218363277614";"0,747139038085938";"57,9150009155273"
"0,960845965892076";"0,748208068847656";"58,0149993896484"
"0,962524442002177";"0,74946484375";"58,1150016784668"
"0,964202918112278";"0,750399658203125";"58,2150001525879"
"0,965932209510356";"0,751592468261719";"58,314998626709"
"0,967661559116095";"0,752729187011719";"58,4150009155273"
"0,969390908721834";"0,753829895019531";"58,5149993896484"
"0,971069384831935";"0,754986755371094";"58,6150016784668"
"0,972747802734375";"0,756049133300781";"58,7150001525879"
"0,974426278844476";"0,757077026367188";"58,814998626709"
"0,976053881458938";"0,758150451660156";"58,9150009155273"
"0,977681484073401";"0,75918896484375";"59,0149993896484"
"0,979258213192225";"0,760247741699219";"59,1150016784668"
"0,980885815806687";"0,761229858398438";"59,2150001525879"
"0,982513418421149";"0,762319580078125";"59,314998626709"
"0,98419189453125";"0,763369445800781";"59,4150009155273"
"0,985921244136989";"0,764424133300781";"59,5149993896484"
"0,98759972024709";"0,765526977539063";"59,6150016784668"
"0,989329069852829";"0,766666442871094";"59,7150001525879"
"0,99100754596293";"0,767756774902344";"59,814998626709"
"0,992736895568669";"0,7688740234375";"59,9150009155273"
"0,994415255263448";"0,769997680664063";"60,0149993896484"
"0,99604285787791";"0,771022216796875";"60,1150016784668"
"0,997670460492373";"0,772000671386719";"60,2150001525879"
"0,999298179522157";"0,773248718261719";"60,314998626709"
"1,00092578213662";"0,774162902832031";"60,4150009155273"
"1,00255338475108";"0,775161560058594";"60,5149993896484"
"1,00418098736554";"0,776202209472656";"60,6150016784668"
"1,00580858998001";"0,77721826171875";"60,7150001525879"
"1,00748694967479";"0,778328186035156";"60,814998626709"
"1,00916542578489";"0,779339111328125";"60,9150009155273"
"1,01089477539063";"0,780528137207031";"61,0149993896484"
"1,01257325150073";"0,781620849609375";"61,1150016784668"
"1,0143534746021";"0,782736877441406";"61,2150001525879"
"1,01608282420784";"0,783924865722656";"61,314998626709"
"1,01776130031794";"0,784929260253906";"61,4150009155273"
"1,01943977642804";"0,786045593261719";"61,5149993896484"
"1,02106737904251";"0,787096801757813";"61,6150016784668"
"1,02274573873729";"0,788204895019531";"61,7150001525879"
"1,02437334135175";"0,789132202148438";"61,814998626709"
"1,02600106038153";"0,790185791015625";"61,9150009155273"
"1,02762866299599";"0,791252136230469";"62,0149993896484"
"1,02925626561046";"0,79224658203125";"62,1150016784668"
"1,03093462530524";"0,793321228027344";"62,2150001525879"
"1,03261310141534";"0,794361328125";"62,314998626709"
"1,03429157752544";"0,795494567871094";"62,4150009155273"
"1,03602092713118";"0,796636352539063";"62,5149993896484"
"1,03775027673692";"0,7977451171875";"62,6150016784668"
"1,03947962634265";"0,798833801269531";"62,7150001525879"
"1,04115810245275";"0,799923400878906";"62,814998626709"
"1,04283657856286";"0,800989440917969";"62,9150009155273"
"1,04446418117732";"0,801944946289063";"63,0149993896484"
"1,04609178379178";"0,803016235351563";"63,1150016784668"
"1,0476685129106";"0,803976196289063";"63,2150001525879"
"1,04929611552507";"0,804980163574219";"63,314998626709"
"1,05087284464389";"0,805948303222656";"63,4150009155273"
"1,05255132075399";"0,80711083984375";"63,5149993896484"
"1,05428067035973";"0,808153686523438";"63,6150016784668"
"1,05595914646983";"0,809289733886719";"63,7150001525879"
"1,05768837966025";"0,810340759277344";"63,814998626709"
"1,05936685577035";"0,811408081054688";"63,9150009155273"
"1,06109620537609";"0,812538757324219";"64,0149993896484"
"1,06277468148619";"0,813543823242188";"64,1149978637695"
"1,06445315759629";"0,814586975097656";"64,2149963378906"
"1,06613163370639";"0,815671020507813";"64,3150024414063"
"1,06775923632085";"0,816712036132813";"64,4150009155273"
"1,06938683893532";"0,817695129394531";"64,5149993896484"
"1,07096356805414";"0,818737854003906";"64,6149978637695"
"1,0725911706686";"0,8196669921875";"64,7149963378906"
"1,07421877328306";"0,820605346679688";"64,8150024414063"
"1,07584637589753";"0,821714172363281";"64,9150009155273"
"1,07752485200763";"0,822730712890625";"65,0149993896484"
"1,07920332811773";"0,823798095703125";"65,1149978637695"
"1,08093267772347";"0,824875061035156";"65,2149963378906"
"1,08266202732921";"0,825993591308594";"65,3150024414063"
"1,08434038702399";"0,827066955566406";"65,4150009155273"
"1,08606973662972";"0,828116394042969";"65,5149993896484"
"1,08774821273983";"0,829213806152344";"65,6149978637695"
"1,08942668884993";"0,830259155273438";"65,7149963378906"
"1,09105429146439";"0,831265502929688";"65,8150024414063"
"1,09268189407885";"0,832275573730469";"65,9150009155273"
"1,09425862319767";"0,83317724609375";"66,0149993896484"
"1,09588622581214";"0,83413232421875";"66,1149978637695"
"1,09746295493096";"0,835162963867188";"66,2149963378906"
"1,09914143104106";"0,836197875976563";"66,3150024414063"
"1,10081990715116";"0,837158935546875";"66,4150009155273"
"1,10249838326126";"0,83824609375";"66,5149993896484"
"1,104227732867";"0,839300842285156";"66,6149978637695"
"1,1059062089771";"0,840404663085938";"66,7149963378906"
"1,10763555858284";"0,841493225097656";"66,8150024414063"
"1,10936490818858";"0,842581115722656";"66,9150009155273"
"1,11099251080304";"0,843609985351563";"67,0149993896484"
"1,11267087049782";"0,844661071777344";"67,1149978637695"
"1,11424771603197";"0,845550354003906";"67,2149963378906"
"1,11587531864643";"0,846618713378906";"67,3150024414063"
"1,11745204776525";"0,847532958984375";"67,4150009155273"
"1,11907965037972";"0,848506286621094";"67,5149993896484"
"1,12065637949854";"0,849540771484375";"67,6149978637695"
"1,12233485560864";"0,850399169921875";"67,7149963378906"
"1,12401333171874";"0,851489074707031";"67,8150024414063"
"1,12574268132448";"0,852659423828125";"67,9150009155273"
"1,12752278801054";"0,853609741210938";"68,0149993896484"
"1,12925213761628";"0,854776123046875";"68,1149978637695"
"1,13093061372638";"0,855856689453125";"68,2149963378906"
"1,13260908983648";"0,856945861816406";"68,3150024414063"
"1,13428756594658";"0,857894226074219";"68,4150009155273"
"1,13591516856104";"0,858901916503906";"68,5149993896484"
"1,1375427711755";"0,859918640136719";"68,6149978637695"
"1,13917037378997";"0,860981384277344";"68,7149963378906"
"1,14079797640443";"0,861872192382813";"68,8150024414063"
"1,14242557901889";"0,8629599609375";"68,9150009155273"
"1,14405318163335";"0,863867126464844";"69,0149993896484"
"1,14573165774345";"0,86494580078125";"69,1149978637695"
"1,14741013385355";"0,86599658203125";"69,2149963378906"
"1,14908860996366";"0,86705322265625";"69,3150024414063"
"1,15081795956939";"0,868074157714844";"69,4150009155273"
"1,15249631926417";"0,869227722167969";"69,5149993896484"
"1,15427654236555";"0,870389404296875";"69,6149978637695"
"1,15600589197129";"0,871376037597656";"69,7149963378906"
"1,15763349458575";"0,872493591308594";"69,8150024414063"
"1,15926109720021";"0,873415344238281";"69,9150009155273"
"1,16093957331032";"0,874542053222656";"70,0149993896484"
"1,16256717592478";"0,875440612792969";"70,1149978637695"
"1,16419477853924";"0,876452941894531";"70,2149963378906"
"1,16577150765806";"0,877392944335938";"70,3150024414063"
"1,16739911027253";"0,878483276367188";"70,4150009155273"
"1,16907758638263";"0,879447387695313";"70,5149993896484"
"1,17075606249273";"0,880587585449219";"70,6149978637695"
"1,17243453860283";"0,881536254882813";"70,7149963378906"
"1,17416388820857";"0,882651977539063";"70,8150024414063"
"1,17589312139899";"0,883746398925781";"70,9150009155273"
"1,17762247100472";"0,88483154296875";"71,0149993896484"
"1,17930094711483";"0,885870788574219";"71,1149978637695"
"1,18097942322493";"0,886845825195313";"71,2149963378906"
"1,18260702583939";"0,887922241210938";"71,3150024414063"
"1,18423462845385";"0,88896484375";"71,4150009155273"
"1,18586223106831";"0,889973022460938";"71,5149993896484"
"1,18748983368278";"0,890876220703125";"71,6149978637695"
"1,1890665628016";"0,891876525878906";"71,7149963378906"
"1,1907450389117";"0,892991088867188";"71,8150024414063"
"1,19237264152616";"0,893949279785156";"71,9150009155273"
"1,1941019911319";"0,89490380859375";"72,0149993896484"
"1,195780467242";"0,896024719238281";"72,1149978637695"
"1,19750981684774";"0,897073364257813";"72,2149963378906"
"1,19923916645348";"0,898148071289063";"72,3150024414063"
"1,20091764256358";"0,899267822265625";"72,4150009155273"
"1,20259611867368";"0,90020849609375";"72,5149993896484"
"1,20422372128814";"0,901280456542969";"72,6149978637695"
"1,20590208098292";"0,902307861328125";"72,7149963378906"
"1,20747892651707";"0,9032265625";"72,8150024414063"
"1,20910652913153";"0,904244384765625";"72,9150009155273"
"1,21073413174599";"0,905281982421875";"73,0149993896484"
"1,21236173436046";"0,906192016601563";"73,1149978637695"
"1,21398933697492";"0,907209289550781";"73,2149963378906"
"1,21561693958938";"0,908366821289063";"73,3150024414063"
"1,2173461727798";"0,909294372558594";"73,4150009155273"
"1,2190246488899";"0,9104521484375";"73,5149993896484"
"1,220703125";"0,911466247558594";"73,6149978637695"
"1,22243247460574";"0,912558898925781";"73,7149963378906"
"1,22421269770712";"0,91366455078125";"73,8150024414063"
"1,22589117381722";"0,914785339355469";"73,9150009155273"
"1,22756964992732";"0,915765625";"74,0149993896484"
"1,22924812603742";"0,916761596679688";"74,1149978637695"
"1,23087572865188";"0,917846496582031";"74,2149963378906"
"1,23250333126634";"0,918737243652344";"74,3150024414063"
"1,23408006038517";"0,91978271484375";"74,4150009155273"
"1,23565678950399";"0,920686401367188";"74,5149993896484"
"1,23728439211845";"0,921722351074219";"74,6149978637695"
"1,23896286822855";"0,922755554199219";"74,7149963378906"
"1,24064134433866";"0,92376513671875";"74,8150024414063"
"1,24231982044876";"0,924834106445313";"74,9150009155273"
"1,24404905363917";"0,925960876464844";"75,0149993896484"
"1,24567665625364";"0,9269462890625";"75,1149978637695"
"1,24735513236374";"0,928059326171875";"75,2149963378906"
"1,24903360847384";"0,929055236816406";"75,3150024414063"
"1,25071208458394";"0,930125061035156";"75,4150009155273"
"1,2523396871984";"0,931107177734375";"75,5149993896484"
"1,25396728981286";"0,932009765625";"75,6149978637695"
"1,25559489242733";"0,933010498046875";"75,7149963378906"
"1,25717162154615";"0,93399609375";"75,8150024414063"
"1,25879922416061";"0,935019348144531";"75,9150009155273"
"1,26042682677507";"0,935995666503906";"76,0149993896484"
"1,26205442938954";"0,936917236328125";"76,1149978637695"
"1,26373290549964";"0,938048767089844";"76,2149963378906"
"1,26546225510538";"0,939199401855469";"76,3150024414063"
"1,26719160471112";"0,940179077148438";"76,4150009155273"
"1,26892095431685";"0,941366088867188";"76,5149993896484"
"1,27070117741823";"0,942442199707031";"76,6149978637695"
"1,27237953711301";"0,943385498046875";"76,7149963378906"
"1,27400713972747";"0,9444140625";"76,8150024414063"
"1,27568561583757";"0,945436767578125";"76,9150009155273"
"1,27731321845204";"0,946380615234375";"77,0149993896484"
"1,2789408210665";"0,947495910644531";"77,1149978637695"
"1,28056842368096";"0,948400817871094";"77,2149963378906"
"1,28219602629542";"0,949347595214844";"77,3150024414063"
"1,28382362890989";"0,950362121582031";"77,4150009155273"
"1,28545123152435";"0,951357666015625";"77,5149993896484"
"1,28712970763445";"0,952352294921875";"77,6149978637695"
"1,28880818374455";"0,953455078125";"77,7149963378906"
"1,29053753335029";"0,954469299316406";"77,8150024414063"
"1,29226688295603";"0,955557495117188";"77,9150009155273"
"1,29394535906613";"0,956576843261719";"78,0149993896484"
"1,29562383517623";"0,957599548339844";"78,1149978637695"
"1,29735318478197";"0,958695922851563";"78,2149963378906"
"1,29898078739643";"0,959719970703125";"78,3150024414063"
"1,30065926350653";"0,960692321777344";"78,4150009155273"
"1,30223599262536";"0,961666931152344";"78,5149993896484"
"1,30386359523982";"0,962565307617188";"78,6149978637695"
"1,30544032435864";"0,96354638671875";"78,7149963378906"
"1,3070679269731";"0,964544372558594";"78,8150024414063"
"1,30874640308321";"0,965511169433594";"78,9150009155273"
"1,31037400569767";"0,966423645019531";"79,0149993896484"
"1,31210335530341";"0,967531311035156";"79,1149978637695"
"1,31383258849382";"0,968533935546875";"79,2149963378906"
"1,31556193809956";"0,969606384277344";"79,3150024414063"
"1,31724041420966";"0,97069873046875";"79,4150009155273"
"1,31891889031976";"0,971771423339844";"79,5149993896484"
"1,32059736642987";"0,972675476074219";"79,6149978637695"
"1,32222496904433";"0,973686218261719";"79,7149963378906"
"1,32385257165879";"0,974659851074219";"79,8150024414063"
"1,32542930077761";"0,975643249511719";"79,9150009155273"
"1,32705690339208";"0,976659790039063";"80,0149993896484"
"1,32868450600654";"0,977579895019531";"80,1149978637695"
"1,330312108621";"0,978570678710938";"80,2149963378906"
"1,3319905847311";"0,979572143554688";"80,3150024414063"
"1,3336690608412";"0,980653686523438";"80,4150009155273"
"1,33539841044694";"0,981745910644531";"80,5149993896484"
"1,33712776005268";"0,982744689941406";"80,6149978637695"
"1,3388569932431";"0,98377978515625";"80,7149963378906"
"1,3405354693532";"0,984889343261719";"80,8150024414063"
"1,3422139454633";"0,985786437988281";"80,9150009155273"
"1,3438924215734";"0,986792419433594";"81,0149993896484"
"1,3455708976835";"0,987831665039063";"81,1149978637695"
"1,34719850029796";"0,988748046875";"81,2149963378906"
"1,34882610291243";"0,989686340332031";"81,3150024414063"
"1,35045370552689";"0,990716979980469";"81,4150009155273"
"1,35203043464571";"0,991627014160156";"81,5149993896484"
"1,35365803726017";"0,992586730957031";"81,6149978637695"
"1,35533651337028";"0,993512390136719";"81,7149963378906"
"1,35701498948038";"0,994608581542969";"81,8150024414063"
"1,35874433908612";"0,995510620117188";"81,9150009155273"
"1,36042281519622";"0,996583923339844";"82,0149993896484"
"1,36210129130632";"0,997631652832031";"82,1149978637695"
"1,36383064091206";"0,998684143066406";"82,2149963378906"
"1,36550911702216";"0,999702087402344";"82,3150024414063"
"1,36718759313226";"1,00058874511719";"82,4150009155273"
"1,36881519574672";"1,00174090576172";"82,5149993896484"
"1,37044279836118";"1,00263293457031";"82,6149978637695"
"1,37207040097564";"1,00348181152344";"82,7149963378906"
"1,37364713009447";"1,00446301269531";"82,8150024414063"
"1,37527473270893";"1,00546429443359";"82,9150009155273"
"1,37690233532339";"1,00639758300781";"83,0149993896484"
"1,37858081143349";"1,00745892333984";"83,1149978637695"
"1,38025928754359";"1,00838555908203";"83,2149963378906"
"1,38193764723837";"1,009421875";"83,3150024414063"
"1,38371787033975";"1,01051324462891";"83,4150009155273"
"1,38549809344113";"1,01155609130859";"83,5149993896484"
"1,38717656955123";"1,01264215087891";"83,6149978637695"
"1,38880417216569";"1,01363433837891";"83,7149963378906"
"1,39048264827579";"1,01461785888672";"83,8150024414063"
"1,39205937739462";"1,01558312988281";"83,9150009155273"
"1,39368698000908";"1,01647869873047";"84,0149993896484"
"1,39531458262354";"1,01740423583984";"84,1149978637695"
"1,39689131174237";"1,01835327148438";"84,2149963378906"
"1,39851891435683";"1,01933239746094";"84,3150024414063"
"1,40019739046693";"1,02031719970703";"84,4150009155273"
"1,40187586657703";"1,02123559570313";"84,5149993896484"
"1,40355434268713";"1,02225952148438";"84,6149978637695"
"1,40523281879723";"1,02322741699219";"84,7149963378906"
"1,40691129490733";"1,02427563476563";"84,8150024414063"
"1,40864052809775";"1,02523425292969";"84,9150009155273"
"1,41031900420785";"1,02629858398438";"85,0149993896484"
"1,41199748031795";"1,02725451660156";"85,1149978637695"
"1,41367595642805";"1,02827844238281";"85,2149963378906"
"1,41530355904251";"1,02927416992188";"85,3150024414063"
"1,41693116165698";"1,03004907226563";"85,4150009155273"
"1,41855876427144";"1,03110571289063";"85,5149993896484"
"1,42013549339026";"1,03196215820313";"85,6149978637695"
"1,42171222250909";"1,03283862304688";"85,7149963378906"
"1,42333982512355";"1,03376965332031";"85,8150024414063"
"1,42496742773801";"1,03479187011719";"85,9150009155273"
"1,4265951467678";"1,03572436523438";"86,0149993896484"
"1,42832437995821";"1,0366865234375";"86,1149978637695"
"1,43005372956395";"1,03773010253906";"86,2149963378906"
"1,43183395266533";"1,0388154296875";"86,3150024414063"
"1,43356330227107";"1,03982641601563";"86,4150009155273"
"1,43524177838117";"1,04082849121094";"86,5149993896484"
"1,43686938099563";"1,0418095703125";"86,6149978637695"
"1,43854785710573";"1,04276293945313";"86,7149963378906"
"1,44017545972019";"1,04368444824219";"86,8150024414063"
"1,44180306233466";"1,04459887695313";"86,9150009155273"
"1,44337979145348";"1,04552355957031";"87,0149993896484"
"1,44500739406794";"1,04640051269531";"87,1149978637695"
"1,44668587017804";"1,04736120605469";"87,2149963378906"
"1,44836434628814";"1,04834094238281";"87,3150024414063"
"1,45004270598292";"1,04937976074219";"87,4150009155273"
"1,45177205558866";"1,05043920898438";"87,5149993896484"
"1,4535014051944";"1,05143139648438";"87,6149978637695"
"1,45523075480014";"1,05233374023438";"87,7149963378906"
"1,45690923091024";"1,05347253417969";"87,8150024414063"
"1,45858770702034";"1,05440441894531";"87,9150009155273"
"1,4602153096348";"1,0552265625";"88,0149993896484"
"1,46184291224927";"1,056201171875";"88,1149978637695"
"1,46347051486373";"1,05714099121094";"88,2149963378906"
"1,46504724398255";"1,05800280761719";"88,3150024414063"
"1,46662397310138";"1,05900476074219";"88,4150009155273"
"1,46825157571584";"1,05974340820313";"88,5149993896484"
"1,4698791783303";"1,06076538085938";"88,6149978637695"
"1,4715576544404";"1,06183557128906";"88,7149963378906"
"1,47328700404614";"1,062810546875";"88,8150024414063"
"1,47501635365188";"1,06368225097656";"88,9150009155273"
"1,47669482976198";"1,06475598144531";"89,0149993896484"
"1,4784240629524";"1,065779296875";"89,1149978637695"
"1,48015341255814";"1,06681652832031";"89,2149963378906"
"1,48188276216388";"1,06783630371094";"89,3150024414063"
"1,48356123827398";"1,06887194824219";"89,4150009155273"
"1,48518884088844";"1,06966369628906";"89,5149993896484"
"1,4868164435029";"1,07069274902344";"89,6149978637695"
"1,48844404611737";"1,07167468261719";"89,7149963378906"
"1,49007164873183";"1,07253784179688";"89,8150024414063"
"1,49169925134629";"1,07345825195313";"89,9150009155273"
"1,49332685396075";"1,07436767578125";"90,0149993896484"
"1,49495445657521";"1,07530187988281";"90,1149978637695"
"1,49663293268532";"1,07624853515625";"90,2149963378906"
"1,49836228229105";"1,07723547363281";"90,3150024414063"
"1,50009163189679";"1,0782060546875";"90,4150009155273"
"1,50182086508721";"1,07919995117188";"90,5149993896484"
"1,50349934119731";"1,08018432617188";"90,6149978637695"
"1,50517781730741";"1,08118334960938";"90,7149963378906"
"1,50680541992188";"1,08201098632813";"90,8150024414063"
"1,50843302253634";"1,08297814941406";"90,9150009155273"
"1,51000975165516";"1,08389965820313";"91,0149993896484"
"1,51163735426962";"1,0847373046875";"91,1149978637695"
"1,51321419980377";"1,08559069824219";"91,2149963378906"
"1,51484180241823";"1,08654931640625";"91,3150024414063"
"1,51652027852833";"1,08743920898438";"91,4150009155273"
"1,5181478811428";"1,0884423828125";"91,5149993896484"
"1,51987711433321";"1,08950634765625";"91,6149978637695"
"1,52160646393895";"1,09048254394531";"91,7149963378906"
"1,52333581354469";"1,09145776367188";"91,8150024414063"
"1,52506516315043";"1,09246337890625";"91,9150009155273"
"1,52674363926053";"1,09339575195313";"92,0149993896484"
"1,52842211537063";"1,09432690429688";"92,1149978637695"
"1,53010059148073";"1,09526281738281";"92,2149963378906"
"1,53172819409519";"1,09625939941406";"92,3150024414063"
"1,53335579670966";"1,09710827636719";"92,4150009155273"
"1,53493252582848";"1,09796032714844";"92,5149993896484"
"1,5365092549473";"1,09885656738281";"92,6149978637695"
"1,53813685756177";"1,09971667480469";"92,7149963378906"
"1,53976446017623";"1,10074670410156";"92,8150024414063"
"1,54139206279069";"1,10165185546875";"92,9150009155273"
"1,54312141239643";"1,10256042480469";"93,0149993896484"
"1,54485076200217";"1,1034921875";"93,1149978637695"
"1,54657999519259";"1,10455151367188";"93,2149963378906"
"1,54830934479833";"1,10557958984375";"93,3150024414063"
"1,55003869440407";"1,10661938476563";"93,4150009155273"
"1,5517680440098";"1,1076337890625";"93,5149993896484"
"1,55344652011991";"1,10854638671875";"93,6149978637695"
"1,55507412273437";"1,10947082519531";"93,7149963378906"
"1,55675259884447";"1,11032495117188";"93,8150024414063"
"1,55832932796329";"1,111298828125";"93,9150009155273"
"1,55995693057775";"1,11218530273438";"94,0149993896484"
"1,56153365969658";"1,11307922363281";"94,1149978637695"
"1,56321213580668";"1,1139599609375";"94,2149963378906"
"1,56489061191678";"1,1148408203125";"94,3150024414063"
"1,56656908802688";"1,11587475585938";"94,4150009155273"
"1,56824756413698";"1,11677038574219";"94,5149993896484"
"1,5699767973274";"1,11771484375";"94,6149978637695"
"1,57170614693314";"1,11872180175781";"94,7149963378906"
"1,57343549653888";"1,11971325683594";"94,8150024414063"
"1,57511397264898";"1,12070202636719";"94,9150009155273"
"1,57679244875908";"1,12155261230469";"95,0149993896484"
"1,5783691778779";"1,12241870117188";"95,1149978637695"
"1,57999678049237";"1,12324157714844";"95,2149963378906"
"1,58152263611555";"1,12419067382813";"95,3150024414063"
"1,58315023873001";"1,12499890136719";"95,4150009155273"
"1,58472696784884";"1,12588818359375";"95,5149993896484"
"1,58640544395894";"1,12678295898438";"95,6149978637695"
"1,58813479356468";"1,12775903320313";"95,7149963378906"
"1,58981326967478";"1,12867407226563";"95,8150024414063"
"1,59154261928052";"1,12976025390625";"95,9150009155273"
"1,59327196888626";"1,13074853515625";"96,0149993896484"
"1,595001318492";"1,13176110839844";"96,1149978637695"
"1,59667967818677";"1,1326103515625";"96,2149963378906"
"1,59835815429688";"1,13362548828125";"96,3150024414063"
"1,59998575691134";"1,13440368652344";"96,4150009155273"
"1,6016133595258";"1,13527294921875";"96,5149993896484"
"1,60319008864462";"1,13618798828125";"96,6149978637695"
"1,60481780767441";"1,13697827148438";"96,7149963378906"
"1,60639453679323";"1,137802734375";"96,8150024414063"
"1,60802213940769";"1,13868676757813";"96,9150009155273"
"1,60964974202216";"1,13961376953125";"97,0149993896484"
"1,61132821813226";"1,14047021484375";"97,1149978637695"
"1,61300657782704";"1,14151843261719";"97,2149963378906"
"1,61473592743278";"1,14238598632813";"97,3150024414063"
"1,61651615053415";"1,14348059082031";"97,4150009155273"
"1,61824550013989";"1,14451696777344";"97,5149993896484"
"1,61997484974563";"1,14549047851563";"97,6149978637695"
"1,62165332585573";"1,14644287109375";"97,7149963378906"
"1,62328092847019";"1,14743322753906";"97,8150024414063"
"1,62490853108466";"1,14820764160156";"97,9150009155273"
"1,62653613369912";"1,14914477539063";"98,0149993896484"
"1,62816373631358";"1,14992883300781";"98,1149978637695"
"1,62979133892804";"1,15082653808594";"98,2149963378906"
"1,63141894154251";"1,15174499511719";"98,3150024414063"
"1,63304654415697";"1,15260974121094";"98,4150009155273"
"1,63477589376271";"1,15348107910156";"98,5149993896484"
"1,63645425345749";"1,15450891113281";"98,6149978637695"
"1,63818360306323";"1,15537622070313";"98,7149963378906"
"1,63986207917333";"1,15632409667969";"98,8150024414063"
"1,64154055528343";"1,15728137207031";"98,9150009155273"
"1,64326990488917";"1,15814855957031";"99,0149993896484"
"1,64489750750363";"1,15906567382813";"99,1149978637695"
"1,64657598361373";"1,15993493652344";"99,2149963378906"
"1,64815271273255";"1,16083422851563";"99,3150024414063"
"1,64978031534702";"1,1616220703125";"99,4150009155273"
"1,65140791796148";"1,16252380371094";"99,5149993896484"
"1,65303552057594";"1,1634091796875";"99,6149978637695"
"1,65461224969476";"1,16419958496094";"99,7149963378906"
"1,65629072580487";"1,16519738769531";"99,8150024414063"
"1,65796920191497";"1,16604870605469";"99,9150009155273"
"1,65964767802507";"1,16701477050781";"100,014999389648"
"1,66142790112644";"1,1679921875";"100,11499786377"
"1,66310637723655";"1,16891882324219";"100,214996337891"
"1,66478473693132";"1,16984606933594";"100,315002441406"
"1,66646321304142";"1,17082775878906";"100,415000915527"
"1,66814168915153";"1,1717294921875";"100,514999389648"
"1,66982016526163";"1,17259936523438";"100,61499786377"
"1,67144776787609";"1,17345324707031";"100,714996337891"
"1,67307537049055";"1,17436108398438";"100,815002441406"
"1,67465209960938";"1,17515979003906";"100,915000915527"
"1,6762288287282";"1,17598974609375";"101,014999389648"
"1,6779073048383";"1,17693823242188";"101,11499786377"
"1,6795857809484";"1,17789135742188";"101,214996337891"
"1,6812642570585";"1,17878686523438";"101,315002441406"
"1,6829427331686";"1,1797265625";"101,415000915527"
"1,68467208277434";"1,18057360839844";"101,514999389648"
"1,68635055888444";"1,18159155273438";"101,61499786377"
"1,68807990849018";"1,18251831054688";"101,714996337891"
"1,68980925809592";"1,18341772460938";"101,815002441406"
"1,6914876177907";"1,18434631347656";"101,915000915527"
"1,69311533682048";"1,18520092773438";"102,014999389648"
"1,69474293943495";"1,18603308105469";"102,11499786377"
"1,69637054204941";"1,18699926757813";"102,214996337891"
"1,69799814466387";"1,18779736328125";"102,315002441406"
"1,69957487378269";"1,18857055664063";"102,415000915527"
"1,70115160290152";"1,18945288085938";"102,514999389648"
"1,70277920551598";"1,19032141113281";"102,61499786377"
"1,70450855512172";"1,19116528320313";"102,714996337891"
"1,70623778831214";"1,19217004394531";"102,815002441406"
"1,70791626442224";"1,19304614257813";"102,915000915527"
"1,70964561402798";"1,19396691894531";"103,014999389648"
"1,71137496363372";"1,19499963378906";"103,11499786377"
"1,71305343974382";"1,19598352050781";"103,214996337891"
"1,71478278934956";"1,19694152832031";"103,315002441406"
"1,71641039196402";"1,19778942871094";"103,415000915527"
"1,71803799457848";"1,19857507324219";"103,514999389648"
"1,7196147236973";"1,1994609375";"103,61499786377"
"1,72124232631177";"1,20030493164063";"103,714996337891"
"1,72286992892623";"1,20111975097656";"103,815002441406"
"1,72449753154069";"1,20196911621094";"103,915000915527"
"1,72617600765079";"1,20295532226563";"104,014999389648"
"1,72785448376089";"1,20384240722656";"104,11499786377"
"1,72958383336663";"1,20476232910156";"104,214996337891"
"1,73136394005269";"1,20573083496094";"104,315002441406"
"1,73304241616279";"1,206650390625";"104,415000915527"
"1,73472089227289";"1,20763684082031";"104,514999389648"
"1,73639936838299";"1,20848620605469";"104,61499786377"
"1,73807784449309";"1,20935925292969";"104,714996337891"
"1,73970544710755";"1,21028039550781";"104,815002441406"
"1,74133304972202";"1,21105651855469";"104,915000915527"
"1,74296065233648";"1,21200256347656";"105,014999389648"
"1,7445373814553";"1,21271411132813";"105,11499786377"
"1,74611411057413";"1,21349047851563";"105,214996337891"
"1,74774171318859";"1,21441088867188";"105,315002441406"
"1,74942018929869";"1,21527795410156";"105,415000915527"
"1,75109866540879";"1,21624243164063";"105,514999389648"
"1,75277714151889";"1,21718420410156";"105,61499786377"
"1,75450649112463";"1,21803686523438";"105,714996337891"
"1,75623584073037";"1,21886340332031";"105,815002441406"
"1,75796519033611";"1,21996264648438";"105,915000915527"
"1,75964355003089";"1,22081762695313";"106,014999389648"
"1,76137289963663";"1,22180224609375";"106,11499786377"
"1,76300050225109";"1,2226279296875";"106,214996337891"
"1,76467897836119";"1,22357604980469";"106,315002441406"
"1,76625570748001";"1,2243359375";"106,415000915527"
"1,76788331009448";"1,22506628417969";"106,514999389648"
"1,76951091270894";"1,22596875";"106,61499786377"
"1,7711385153234";"1,22677966308594";"106,714996337891"
"1,7728169914335";"1,22761401367188";"106,815002441406"
"1,7744954675436";"1,22856945800781";"106,915000915527"
"1,77622481714934";"1,22953051757813";"107,014999389648"
"1,77795416675508";"1,23049035644531";"107,11499786377"
"1,77968351636082";"1,23123425292969";"107,214996337891"
"1,78136199247092";"1,23227624511719";"107,315002441406"
"1,78304046858102";"1,23318920898438";"107,415000915527"
"1,7847188282758";"1,23397875976563";"107,514999389648"
"1,78634643089026";"1,23487414550781";"107,61499786377"
"1,78802490700036";"1,23567333984375";"107,714996337891"
"1,78960163611919";"1,23652734375";"107,815002441406"
"1,79122923873365";"1,23728527832031";"107,915000915527"
"1,7928060842678";"1,23817602539063";"108,014999389648"
"1,7944845603779";"1,23899584960938";"108,11499786377"
"1,79616292007267";"1,23987622070313";"108,214996337891"
"1,79789226967841";"1,24082409667969";"108,315002441406"
"1,79962161928415";"1,24169165039063";"108,415000915527"
"1,80140184238553";"1,24264172363281";"108,514999389648"
"1,80308031849563";"1,24349914550781";"108,61499786377"
"1,80475879460573";"1,24452746582031";"108,714996337891"
"1,80643727071583";"1,24535107421875";"108,815002441406"
"1,8080648733303";"1,24627990722656";"108,915000915527"
"1,8097433494404";"1,24699926757813";"109,014999389648"
"1,81132007855922";"1,24784887695313";"109,11499786377"
"1,81289680767804";"1,24858850097656";"109,214996337891"
"1,81452441029251";"1,24934130859375";"109,315002441406"
"1,81610113941133";"1,25029711914063";"109,415000915527"
"1,81772874202579";"1,251033203125";"109,514999389648"
"1,81940721813589";"1,25197875976563";"109,61499786377"
"1,82113656774163";"1,25287817382813";"109,714996337891"
"1,82281504385173";"1,2538203125";"109,815002441406"
"1,82454427704215";"1,25478173828125";"109,915000915527"
"1,82627362664789";"1,25568591308594";"110,014999389648"
"1,82795210275799";"1,25654553222656";"110,11499786377"
"1,82968145236373";"1,25744580078125";"110,214996337891"
"1,83135992847383";"1,25842956542969";"110,315002441406"
"1,83303840458393";"1,25923193359375";"110,415000915527"
"1,83466600719839";"1,260048828125";"110,514999389648"
"1,83624273631722";"1,26081213378906";"110,61499786377"
"1,83787033893168";"1,26168505859375";"110,714996337891"
"1,83949794154614";"1,2625322265625";"110,815002441406"
"1,84117641765624";"1,26333935546875";"110,915000915527"
"1,84285489376634";"1,26420837402344";"111,014999389648"
"1,84448249638081";"1,26505187988281";"111,11499786377"
"1,84621184598655";"1,26593774414063";"111,214996337891"
"1,84789032209665";"1,26686987304688";"111,315002441406"
"1,84961955528706";"1,26772766113281";"111,415000915527"
"1,85129803139716";"1,26860656738281";"111,514999389648"
"1,85297650750726";"1,26946484375";"111,61499786377"
"1,85465498361737";"1,27029260253906";"111,714996337891"
"1,85633345972747";"1,27121594238281";"111,815002441406"
"1,85796106234193";"1,27206921386719";"111,915000915527"
"1,85958866495639";"1,27294079589844";"112,014999389648"
"1,86121626757085";"1,27364721679688";"112,11499786377"
"1,86284387018532";"1,27456323242188";"112,214996337891"
"1,86452234629542";"1,27537133789063";"112,315002441406"
"1,86620082240552";"1,27619958496094";"112,415000915527"
"1,86793017201126";"1,27717822265625";"112,514999389648"
"1,869659521617";"1,27802697753906";"112,61499786377"
"1,87143962830305";"1,27904150390625";"112,714996337891"
"1,87316897790879";"1,27989489746094";"112,815002441406"
"1,87484745401889";"1,28075671386719";"112,915000915527"
"1,87647505663335";"1,28157885742188";"113,014999389648"
"1,87810265924782";"1,28237182617188";"113,11499786377"
"1,87967938836664";"1,283134765625";"113,214996337891"
"1,8813069909811";"1,28392993164063";"113,315002441406"
"1,88283284660429";"1,28462231445313";"113,415000915527"
"1,88440969213843";"1,28545947265625";"113,514999389648"
"1,88598642125726";"1,28616748046875";"113,61499786377"
"1,88761402387172";"1,28696435546875";"113,714996337891"
"1,88929249998182";"1,28792004394531";"113,815002441406"
"1,89102173317224";"1,2888330078125";"113,915000915527"
"1,89275108277798";"1,2897138671875";"114,014999389648"
"1,89448043238372";"1,29066162109375";"114,11499786377"
"1,89620978198946";"1,29161315917969";"114,214996337891"
"1,89793913159519";"1,29241821289063";"114,315002441406"
"1,89966848120093";"1,29329211425781";"114,415000915527"
"1,9012960838154";"1,29413818359375";"114,514999389648"
"1,90287281293422";"1,29496533203125";"114,61499786377"
"1,90450041554868";"1,29573181152344";"114,714996337891"
"1,90607714466751";"1,29650134277344";"114,815002441406"
"1,90770474728197";"1,2972978515625";"114,915000915527"
"1,90933234989643";"1,29811083984375";"115,014999389648"
"1,91106169950217";"1,29900463867188";"115,11499786377"
"1,91279093269259";"1,29988146972656";"115,214996337891"
"1,91446940880269";"1,30069677734375";"115,315002441406"
"1,91619875840843";"1,30160412597656";"115,415000915527"
"1,91787723451853";"1,30251635742188";"115,514999389648"
"1,91960658412427";"1,30334680175781";"115,61499786377"
"1,92128506023437";"1,30414282226563";"115,714996337891"
"1,92296353634447";"1,30499353027344";"115,815002441406"
"1,92459113895893";"1,30581677246094";"115,915000915527"
"1,92621874157339";"1,30657922363281";"116,014999389648"
"1,92784634418786";"1,30745483398438";"116,11499786377"
"1,92947394680232";"1,308220703125";"116,214996337891"
"1,93105067592114";"1,30899487304688";"116,315002441406"
"1,93272915203124";"1,30979516601563";"116,415000915527"
"1,93440762814134";"1,31067016601563";"116,514999389648"
"1,93608610425144";"1,31147619628906";"116,61499786377"
"1,93781545385718";"1,3123193359375";"116,714996337891"
"1,93949381355196";"1,31308410644531";"116,815002441406"
"1,94127403665334";"1,31399011230469";"116,915000915527"
"1,94300338625908";"1,31488989257813";"117,014999389648"
"1,94473273586482";"1,31577490234375";"117,11499786377"
"1,94636033847928";"1,31654455566406";"117,214996337891"
"1,94803881458938";"1,31739172363281";"117,315002441406"
"1,94961554370821";"1,31808923339844";"117,415000915527"
"1,95124314632267";"1,31886877441406";"117,514999389648"
"1,95281987544149";"1,31957275390625";"117,61499786377"
"1,95439672097564";"1,32040490722656";"117,714996337891"
"1,95602420717478";"1,32106799316406";"117,815002441406"
"1,95770268328488";"1,3218828125";"117,915000915527"
"1,95938115939498";"1,32272485351563";"118,014999389648"
"1,96105963550508";"1,32359948730469";"118,11499786377"
"1,9627888686955";"1,32436376953125";"118,214996337891"
"1,9644673448056";"1,32523852539063";"118,315002441406"
"1,96619681082666";"1,32601794433594";"118,415000915527"
"1,96792604401708";"1,32688854980469";"118,514999389648"
"1,96960452012718";"1,32761877441406";"118,61499786377"
"1,97128299623728";"1,328490234375";"118,714996337891"
"1,97291071526706";"1,32927282714844";"118,815002441406"
"1,97448744438589";"1,32999487304688";"118,915000915527"
"1,97606417350471";"1,33085131835938";"119,014999389648"
"1,97769165970385";"1,33146789550781";"119,11499786377"
"1,97931937873363";"1,3322177734375";"119,214996337891"
"1,98104861192405";"1,33314331054688";"119,315002441406"
"1,98272708803415";"1,33386853027344";"119,415000915527"
"1,98445632122457";"1,33472924804688";"119,514999389648"
"1,98618578724563";"1,335607421875";"119,61499786377"
"1,98786426335573";"1,33636608886719";"119,714996337891"
"1,98954273946583";"1,33715954589844";"119,815002441406"
"1,99127197265625";"1,33796130371094";"119,915000915527"
"1,99295044876635";"1,33878942871094";"120,014999389648"
"1,99457816779613";"1,33954931640625";"120,11499786377"
"1,99620565399528";"1,34025891113281";"120,214996337891"
"1,9977823831141";"1,34099609375";"120,315002441406"
"1,99941010214388";"1,34179748535156";"120,415000915527"
"2,00098683126271";"1,34235925292969";"120,514999389648"
"2,00266530737281";"1,343068359375";"120,61499786377"
"2,00429279357195";"1,34393676757813";"120,714996337891"
"2,00597126968205";"1,34464709472656";"120,815002441406"
"2,00770073570311";"1,34559484863281";"120,915000915527"
"2,00948095880449";"1,34645983886719";"121,014999389648"
"2,01126094907522";"1,34736706542969";"121,11499786377"
"2,01299041509628";"1,34821337890625";"121,214996337891"
"2,01466889120638";"1,34907592773438";"121,315002441406"
"2,01634736731648";"1,34984899902344";"121,415000915527"
"2,01797485351563";"1,35057202148438";"121,514999389648"
"2,01960257254541";"1,35124682617188";"121,61499786377"
"2,02123005874455";"1,35196118164063";"121,714996337891"
"2,02280678786337";"1,352609375";"121,815002441406"
"2,02443450689316";"1,35338806152344";"121,915000915527"
"2,02611298300326";"1,354173828125";"122,014999389648"
"2,02779145911336";"1,35488134765625";"122,11499786377"
"2,02946993522346";"1,35566357421875";"122,214996337891"
"2,03119916841388";"1,35639831542969";"122,315002441406"
"2,03297939151526";"1,35731469726563";"122,415000915527"
"2,03470862470567";"1,3579541015625";"122,514999389648"
"2,03638710081577";"1,35893103027344";"122,61499786377"
"2,03806557692587";"1,35972082519531";"122,714996337891"
"2,03969329595566";"1,36038049316406";"122,815002441406"
"2,0413207821548";"1,36115197753906";"122,915000915527"
"2,04294850118458";"1,36181237792969";"123,014999389648"
"2,04452523030341";"1,36249572753906";"123,11499786377"
"2,04615271650255";"1,36313244628906";"123,214996337891"
"2,04778043553233";"1,36396936035156";"123,315002441406"
"2,04945891164243";"1,36472924804688";"123,415000915527"
"2,05118814483285";"1,36555981445313";"123,514999389648"
"2,05291761085391";"1,36643884277344";"123,61499786377"
"2,05464684404433";"1,36733569335938";"123,714996337891"
"2,05637631006539";"1,36809643554688";"123,815002441406"
"2,05810554325581";"1,36887634277344";"123,915000915527"
"2,05978401936591";"1,36957214355469";"124,014999389648"
"2,06141150556505";"1,37047387695313";"124,11499786377"
"2,06308998167515";"1,37107580566406";"124,214996337891"
"2,06471770070493";"1,37176123046875";"124,315002441406"
"2,06634518690407";"1,3724482421875";"124,415000915527"
"2,0679219160229";"1,37330603027344";"124,514999389648"
"2,06949864514172";"1,37391979980469";"124,61499786377"
"2,07112636417151";"1,374546875";"124,714996337891"
"2,07275385037065";"1,3752216796875";"124,815002441406"
"2,07443232648075";"1,3760341796875";"124,915000915527"
"2,07611080259085";"1,37689221191406";"125,014999389648"
"2,07778927870095";"1,3774248046875";"125,11499786377"
"2,07951874472201";"1,37813000488281";"125,214996337891"
"2,08124797791243";"1,37813793945313";"125,315002441406"
"2,08297744393349";"1,37814660644531";"125,415000915527"
"2,08465592004359";"1,37849035644531";"125,514999389648"
"2,08628340624273";"1,37892309570313";"125,61499786377"
"2,08796188235283";"1,37942687988281";"125,714996337891"
"2,08958960138261";"1,37999230957031";"125,815002441406"
"2,09116633050144";"1,38037145996094";"125,915000915527"
"2,09279381670058";"1,3808564453125";"126,014999389648"
"2,09442153573036";"1,38140710449219";"126,11499786377"
"2,0960490219295";"1,38188659667969";"126,214996337891"
"2,0977274980396";"1,38240393066406";"126,315002441406"
"2,0994059741497";"1,38307458496094";"126,415000915527"
"2,10113520734012";"1,38371508789063";"126,514999389648"
"2,10286467336118";"1,38410815429688";"126,61499786377"
"2,1045939065516";"1,384578125";"126,714996337891"
"2,1062723826617";"1,3851689453125";"126,815002441406"
"2,10800184868276";"1,38563256835938";"126,915000915527"
"2,1096293348819";"1,38603967285156";"127,014999389648"
"2,11120606400073";"1,386458984375";"127,11499786377"
"2,11278279311955";"1,38680224609375";"127,214996337891"
"2,11435952223837";"1,38724426269531";"127,315002441406"
"2,1159362513572";"1,38768676757813";"127,415000915527"
"2,11751298047602";"1,3881826171875";"127,514999389648"
"2,11919145658612";"1,38865222167969";"127,61499786377"
"2,12081917561591";"1,38917248535156";"127,714996337891"
"2,12249765172601";"1,38964489746094";"127,815002441406"
"2,12422688491642";"1,3903076171875";"127,915000915527"
"2,1260071080178";"1,39087915039063";"128,014999389648"
"2,12773657403886";"1,39149267578125";"128,115005493164"
"2,12946580722928";"1,39219396972656";"128,214996337891"
"2,13114428333938";"1,39273461914063";"128,315002441406"
"2,13282275944948";"1,39339465332031";"128,414993286133"
"2,13445024564862";"1,39381213378906";"128,514999389648"
"2,13607796467841";"1,39405847167969";"128,615005493164"
"2,13765469379723";"1,39423681640625";"128,714996337891"
"2,13928217999637";"1,39450744628906";"128,815002441406"
"2,14090989902616";"1,39486474609375";"128,914993286133"
"2,14258837513626";"1,39519641113281";"129,014999389648"
"2,14426685124636";"1,39559973144531";"129,115005493164"
"2,1458943374455";"1,39598474121094";"129,214996337891"
"2,14762380346656";"1,39634899902344";"129,315002441406"
"2,14930227957666";"1,39668920898438";"129,414993286133"
"2,15103151276708";"1,39716650390625";"129,514999389648"
"2,15276097878814";"1,39757006835938";"129,615005493164"
"2,15443945489824";"1,39793273925781";"129,714996337891"
"2,15606694109738";"1,39827270507813";"129,815002441406"
"2,15769466012716";"1,39858154296875";"129,914993286133"
"2,15927138924599";"1,39878564453125";"130,014999389648"
"2,16084811836481";"1,39922802734375";"130,115005493164"
"2,16242484748363";"1,399533203125";"130,214996337891"
"2,16405233368278";"1,39981506347656";"130,315002441406"
"2,16568005271256";"1,4001455078125";"130,414993286133"
"2,16740928590298";"1,40056066894531";"130,514999389648"
"2,16913875192404";"1,40096826171875";"130,615005493164"
"2,17091874219477";"1,40138171386719";"130,714996337891"
"2,17264820821583";"1,40189733886719";"130,815002441406"
"2,17437744140625";"1,40223742675781";"130,914993286133"
"2,17610690742731";"1,402599609375";"131,014999389648"
"2,17778538353741";"1,40276928710938";"131,115005493164"
"2,17946385964751";"1,40259948730469";"131,214996337891"
"2,18104058876634";"1,401720703125";"131,315002441406"
"2,18266807496548";"1,40126062011719";"131,414993286133"
"2,18429579399526";"1,40090673828125";"131,514999389648"
"2,18587252311409";"1,40011108398438";"131,615005493164"
"2,18750000931323";"1,39909216308594";"131,714996337891"
"2,18912772834301";"1,397556640625";"131,815002441406"
"2,19085696153343";"1,39441955566406";"131,914993286133"
"2,19258642755449";"1,39113122558594";"132,014999389648"
"2,19436641782522";"1,38836389160156";"132,115005493164"
"2,19609588384628";"1,38450549316406";"132,214996337891"
"2,19777435995638";"1,37895959472656";"132,315002441406"
"2,19945283606648";"1,36412036132813";"132,414993286133"
"2,2011820692569";"1,34002355957031";"132,514999389648"
"2,20703124068677";"-0,137311431884766";"132,578994750977"
